{
  "type": "FeatureCollection",
  "name": "LuminaAi_Bandung_WebGIS_H3_Res9",
  "crs": {
    "type": "name",
    "properties": {
      "name": "urn:ogc:def:crs:OGC:1.3:CRS84"
    }
  },
  "features": [
    {
      "type": "Feature",
      "geometry": {
        "type": "Polygon",
        "coordinates": [
          [
            [
              107.62874804479502,
              -6.960888561718501
            ],
            [
              107.62833939691993,
              -6.9591740900949475
            ],
            [
              107.62657951601658,
              -6.9587498554258564
            ],
            [
              107.6252282867306,
              -6.960040120254364
            ],
            [
              107.62563695987055,
              -6.961754596684252
            ],
            [
              107.62739683703204,
              -6.962178803479962
            ],
            [
              107.62874804479502,
              -6.960888561718501
            ]
          ]
        ]
      },
      "properties": {
        "h3_cell": "898c1478293ffff",
        "centroid_lat": -6.96046,
        "centroid_lon": 107.62699,
        "dist_to_transit_km": 3.947,
        "nearest_transit_hub": "Terminal Leuwipanjang",
        "transit_accessibility_score": 4.25,
        "prop_count": 2,
        "ruko_count": 0,
        "sewa_count": 0,
        "struk_count": 0,
        "act_count": 0,
        "potential_score": 1.5,
        "risk_index": 39.47,
        "recommendation": "Zona Penyangga Sekunder: Perdagangan Lokal / Jasa",
        "top_positive_driver": "+0.01 via spatial_lag_prop_k2",
        "top_negative_driver": "-7.79 via built_environment_index"
      }
    },
    {
      "type": "Feature",
      "geometry": {
        "type": "Polygon",
        "coordinates": [
          [
            [
              107.5687732620855,
              -6.952893283528843
            ],
            [
              107.56836409496312,
              -6.9511782303033645
            ],
            [
              107.56660332384861,
              -6.950753595012941
            ],
            [
              107.56525172366705,
              -6.952044040750275
            ],
            [
              107.56566091602716,
              -6.9537590987078355
            ],
            [
              107.56742168333152,
              -6.954183706196629
            ],
            [
              107.5687732620855,
              -6.952893283528843
            ]
          ]
        ]
      },
      "properties": {
        "h3_cell": "898c1478a8bffff",
        "centroid_lat": -6.95247,
        "centroid_lon": 107.56701,
        "dist_to_transit_km": 3.078,
        "nearest_transit_hub": "Terminal Leuwipanjang",
        "transit_accessibility_score": 8.52,
        "prop_count": 4,
        "ruko_count": 0,
        "sewa_count": 0,
        "struk_count": 0,
        "act_count": 0,
        "potential_score": 3.700000047683716,
        "risk_index": 30.78,
        "recommendation": "Zona Penyangga Sekunder: Perdagangan Lokal / Jasa",
        "top_positive_driver": "+0.01 via spatial_lag_ruko_k2",
        "top_negative_driver": "-6.16 via built_environment_index"
      }
    },
    {
      "type": "Feature",
      "geometry": {
        "type": "Polygon",
        "coordinates": [
          [
            [
              107.66400472922159,
              -6.920903808640863
            ],
            [
              107.66359632808849,
              -6.91918879388145
            ],
            [
              107.66183671874768,
              -6.918764306610722
            ],
            [
              107.6604855142432,
              -6.920054862026546
            ],
            [
              107.66089394066432,
              -6.9217698816676805
            ],
            [
              107.66265354630232,
              -6.922194341011934
            ],
            [
              107.66400472922159,
              -6.920903808640863
            ]
          ]
        ]
      },
      "properties": {
        "h3_cell": "898c1479637ffff",
        "centroid_lat": -6.92048,
        "centroid_lon": 107.66225,
        "dist_to_transit_km": 1.809,
        "nearest_transit_hub": "Stasiun Kiaracondong",
        "transit_accessibility_score": 23.52,
        "prop_count": 1,
        "ruko_count": 0,
        "sewa_count": 1,
        "struk_count": 0,
        "act_count": 0,
        "potential_score": 8.050000190734863,
        "risk_index": 18.09,
        "recommendation": "Zona Penyangga Sekunder: Perdagangan Lokal / Jasa",
        "top_positive_driver": "+0.19 via norm_transit",
        "top_negative_driver": "-3.09 via built_environment_index"
      }
    },
    {
      "type": "Feature",
      "geometry": {
        "type": "Polygon",
        "coordinates": [
          [
            [
              107.57876763893402,
              -6.9391391749922535
            ],
            [
              107.57835853840042,
              -6.937423919471808
            ],
            [
              107.57659782976788,
              -6.9369991865692135
            ],
            [
              107.57524622546846,
              -6.938289737004992
            ],
            [
              107.57565535124675,
              -6.940004997280589
            ],
            [
              107.57741605608018,
              -6.940429702365897
            ],
            [
              107.57876763893402,
              -6.9391391749922535
            ]
          ]
        ]
      },
      "properties": {
        "h3_cell": "898c1479d2bffff",
        "centroid_lat": -6.93871,
        "centroid_lon": 107.57701,
        "dist_to_transit_km": 2.077,
        "nearest_transit_hub": "Terminal Leuwipanjang",
        "transit_accessibility_score": 18.98,
        "prop_count": 3,
        "ruko_count": 0,
        "sewa_count": 0,
        "struk_count": 0,
        "act_count": 0,
        "potential_score": 6.659999847412109,
        "risk_index": 20.77,
        "recommendation": "Zona Penyangga Sekunder: Perdagangan Lokal / Jasa",
        "top_positive_driver": "+0.08 via transit_decay_quad",
        "top_negative_driver": "-3.93 via built_environment_index"
      }
    },
    {
      "type": "Feature",
      "geometry": {
        "type": "Polygon",
        "coordinates": [
          [
            [
              107.57225801979851,
              -6.932718932817009
            ],
            [
              107.57184885561234,
              -6.931003504258663
            ],
            [
              107.57008801900207,
              -6.930578667506403
            ],
            [
              107.56873635038508,
              -6.9318692871239715
            ],
            [
              107.56914553981392,
              -6.933584720433321
            ],
            [
              107.5709063726175,
              -6.934009529374748
            ],
            [
              107.57225801979851,
              -6.932718932817009
            ]
          ]
        ]
      },
      "properties": {
        "h3_cell": "898c147998fffff",
        "centroid_lat": -6.93229,
        "centroid_lon": 107.5705,
        "dist_to_transit_km": 3.045,
        "nearest_transit_hub": "Terminal Leuwipanjang",
        "transit_accessibility_score": 8.75,
        "prop_count": 1,
        "ruko_count": 0,
        "sewa_count": 0,
        "struk_count": 0,
        "act_count": 0,
        "potential_score": 5.170000076293945,
        "risk_index": 30.45,
        "recommendation": "Zona Penyangga Sekunder: Perdagangan Lokal / Jasa",
        "top_positive_driver": "+0.03 via spatial_lag_prop_k2",
        "top_negative_driver": "-4.98 via built_environment_index"
      }
    },
    {
      "type": "Feature",
      "geometry": {
        "type": "Polygon",
        "coordinates": [
          [
            [
              107.71611786384186,
              -6.944783231388879
            ],
            [
              107.71570993714126,
              -6.943069059812946
            ],
            [
              107.71395120225334,
              -6.942645106028057
            ],
            [
              107.71260039770956,
              -6.943935351804255
            ],
            [
              107.71300834971876,
              -6.9456495283142665
            ],
            [
              107.71476708096355,
              -6.946073454114651
            ],
            [
              107.71611786384186,
              -6.944783231388879
            ]
          ]
        ]
      },
      "properties": {
        "h3_cell": "898c144cc37ffff",
        "centroid_lat": -6.94436,
        "centroid_lon": 107.71436,
        "dist_to_transit_km": 1.242,
        "nearest_transit_hub": "Stasiun Cimekar",
        "transit_accessibility_score": 37.02,
        "prop_count": 10,
        "ruko_count": 0,
        "sewa_count": 2,
        "struk_count": 0,
        "act_count": 0,
        "potential_score": 12.970000267028809,
        "risk_index": 12.42,
        "recommendation": "Kawasan Transit Residensial: Kos Pekerja / Hunian Komuter",
        "top_positive_driver": "+1.14 via norm_transit",
        "top_negative_driver": "-0.64 via human_activity_index"
      }
    },
    {
      "type": "Feature",
      "geometry": {
        "type": "Polygon",
        "coordinates": [
          [
            [
              107.61167086515482,
              -6.861373298084849
            ],
            [
              107.61126194124222,
              -6.859656736080395
            ],
            [
              107.60950125485802,
              -6.859231327234254
            ],
            [
              107.6081494961505,
              -6.8605225082698125
            ],
            [
              107.6085584453361,
              -6.862239075128505
            ],
            [
              107.61031912795666,
              -6.8626644560980425
            ],
            [
              107.61167086515482,
              -6.861373298084849
            ]
          ]
        ]
      },
      "properties": {
        "h3_cell": "898c16b6b17ffff",
        "centroid_lat": -6.86095,
        "centroid_lon": 107.60991,
        "dist_to_transit_km": 1.805,
        "nearest_transit_hub": "Terminal Ledeng",
        "transit_accessibility_score": 23.6,
        "prop_count": 0,
        "ruko_count": 0,
        "sewa_count": 0,
        "struk_count": 0,
        "act_count": 1,
        "potential_score": 15.770000457763672,
        "risk_index": 18.05,
        "recommendation": "Zona Penyangga Sekunder: Perdagangan Lokal / Jasa",
        "top_positive_driver": "+3.67 via human_activity_index",
        "top_negative_driver": "-2.41 via built_environment_index"
      }
    },
    {
      "type": "Feature",
      "geometry": {
        "type": "Polygon",
        "coordinates": [
          [
            [
              107.61978991136078,
              -6.944183742802833
            ],
            [
              107.61938116544708,
              -6.942468876578676
            ],
            [
              107.61762106334069,
              -6.94204441276763
            ],
            [
              107.61626971090084,
              -6.943334843047869
            ],
            [
              107.6166784820779,
              -6.945049714078282
            ],
            [
              107.61843858043187,
              -6.945474150022856
            ],
            [
              107.61978991136078,
              -6.944183742802833
            ]
          ]
        ]
      },
      "properties": {
        "h3_cell": "898c1478263ffff",
        "centroid_lat": -6.94376,
        "centroid_lon": 107.61803,
        "dist_to_transit_km": 2.623,
        "nearest_transit_hub": "Stasiun Cikudapateuh",
        "transit_accessibility_score": 12.27,
        "prop_count": 5,
        "ruko_count": 2,
        "sewa_count": 1,
        "struk_count": 0,
        "act_count": 0,
        "potential_score": 8.329999923706055,
        "risk_index": 26.23,
        "recommendation": "Koridor Komersial: Coworking Space / Kantor Cabang / Bank",
        "top_positive_driver": "+0.06 via transit_x_comm",
        "top_negative_driver": "-2.32 via built_environment_index"
      }
    },
    {
      "type": "Feature",
      "geometry": {
        "type": "Polygon",
        "coordinates": [
          [
            [
              107.6166784820779,
              -6.945049714078282
            ],
            [
              107.61626971090084,
              -6.943334843047869
            ],
            [
              107.61450956981479,
              -6.942910372435955
            ],
            [
              107.61315820366212,
              -6.9442008007175735
            ],
            [
              107.61356700010091,
              -6.945915676549492
            ],
            [
              107.61532713743105,
              -6.946340119298953
            ],
            [
              107.6166784820779,
              -6.945049714078282
            ]
          ]
        ]
      },
      "properties": {
        "h3_cell": "898c1478267ffff",
        "centroid_lat": -6.94463,
        "centroid_lon": 107.61492,
        "dist_to_transit_km": 2.294,
        "nearest_transit_hub": "Terminal Leuwipanjang",
        "transit_accessibility_score": 15.96,
        "prop_count": 1,
        "ruko_count": 0,
        "sewa_count": 0,
        "struk_count": 0,
        "act_count": 0,
        "potential_score": 6.949999809265137,
        "risk_index": 22.94,
        "recommendation": "Zona Penyangga Sekunder: Perdagangan Lokal / Jasa",
        "top_positive_driver": "+0.02 via spatial_lag_ruko_k2",
        "top_negative_driver": "-3.60 via built_environment_index"
      }
    },
    {
      "type": "Feature",
      "geometry": {
        "type": "Polygon",
        "coordinates": [
          [
            [
              107.60432253843352,
              -6.921054548907506
            ],
            [
              107.60391363079864,
              -6.919339115240396
            ],
            [
              107.60215317936549,
              -6.918914318522212
            ],
            [
              107.60080163933819,
              -6.920204983324893
            ],
            [
              107.60121057223286,
              -6.921920421794061
            ],
            [
              107.60297101989545,
              -6.922345190659133
            ],
            [
              107.60432253843352,
              -6.921054548907506
            ]
          ]
        ]
      },
      "properties": {
        "h3_cell": "898c14798dbffff",
        "centroid_lat": -6.92063,
        "centroid_lon": 107.60256,
        "dist_to_transit_km": 0.893,
        "nearest_transit_hub": "Stasiun Bandung (Hall)",
        "transit_accessibility_score": 48.95,
        "prop_count": 3,
        "ruko_count": 2,
        "sewa_count": 0,
        "struk_count": 0,
        "act_count": 0,
        "potential_score": 30.270000457763672,
        "risk_index": 8.93,
        "recommendation": "Zona Penyangga Sekunder: Perdagangan Lokal / Jasa",
        "top_positive_driver": "+15.72 via built_environment_index",
        "top_negative_driver": "-0.40 via human_activity_index"
      }
    },
    {
      "type": "Feature",
      "geometry": {
        "type": "Polygon",
        "coordinates": [
          [
            [
              107.61525964047308,
              -6.9042915246703735
            ],
            [
              107.6148508035555,
              -6.902575836356303
            ],
            [
              107.61309041122819,
              -6.902150913849942
            ],
            [
              107.61173885957741,
              -6.903441707528938
            ],
            [
              107.6121477217627,
              -6.905157400671556
            ],
            [
              107.6139081103315,
              -6.905582295307277
            ],
            [
              107.61525964047308,
              -6.9042915246703735
            ]
          ]
        ]
      },
      "properties": {
        "h3_cell": "898c16b6db7ffff",
        "centroid_lat": -6.90387,
        "centroid_lon": 107.6135,
        "dist_to_transit_km": 1.563,
        "nearest_transit_hub": "Stasiun Bandung (Hall)",
        "transit_accessibility_score": 28.64,
        "prop_count": 0,
        "ruko_count": 0,
        "sewa_count": 0,
        "struk_count": 0,
        "act_count": 1,
        "potential_score": 17.450000762939453,
        "risk_index": 15.63,
        "recommendation": "Zona Penyangga Sekunder: Perdagangan Lokal / Jasa",
        "top_positive_driver": "+3.79 via human_activity_index",
        "top_negative_driver": "-1.31 via built_environment_index"
      }
    },
    {
      "type": "Feature",
      "geometry": {
        "type": "Polygon",
        "coordinates": [
          [
            [
              107.66909707803886,
              -6.8865638796213835
            ],
            [
              107.66868867497432,
              -6.884848221347815
            ],
            [
              107.66692894297348,
              -6.884423385387363
            ],
            [
              107.66557761773545,
              -6.885714235642264
            ],
            [
              107.665986046096,
              -6.887429898828809
            ],
            [
              107.667745774399,
              -6.887854706848137
            ],
            [
              107.66909707803886,
              -6.8865638796213835
            ]
          ]
        ]
      },
      "properties": {
        "h3_cell": "898c16b618bffff",
        "centroid_lat": -6.88614,
        "centroid_lon": 107.66734,
        "dist_to_transit_km": 2.024,
        "nearest_transit_hub": "Terminal Cicaheum",
        "transit_accessibility_score": 19.81,
        "prop_count": 4,
        "ruko_count": 0,
        "sewa_count": 0,
        "struk_count": 0,
        "act_count": 0,
        "potential_score": 6.980000019073486,
        "risk_index": 20.24,
        "recommendation": "Zona Penyangga Sekunder: Perdagangan Lokal / Jasa",
        "top_positive_driver": "+0.08 via transit_decay_quad",
        "top_negative_driver": "-3.63 via built_environment_index"
      }
    },
    {
      "type": "Feature",
      "geometry": {
        "type": "Polygon",
        "coordinates": [
          [
            [
              107.71517501173193,
              -6.947787572811631
            ],
            [
              107.71476708096355,
              -6.946073454114651
            ],
            [
              107.71300834971876,
              -6.9456495283142665
            ],
            [
              107.71165755288685,
              -6.946939749194096
            ],
            [
              107.71206550896288,
              -6.948653872821737
            ],
            [
              107.71382423656357,
              -6.9490777706395415
            ],
            [
              107.71517501173193,
              -6.947787572811631
            ]
          ]
        ]
      },
      "properties": {
        "h3_cell": "898c144cddbffff",
        "centroid_lat": -6.94736,
        "centroid_lon": 107.71342,
        "dist_to_transit_km": 1.141,
        "nearest_transit_hub": "Stasiun Cimekar",
        "transit_accessibility_score": 40.14,
        "prop_count": 3,
        "ruko_count": 0,
        "sewa_count": 0,
        "struk_count": 0,
        "act_count": 0,
        "potential_score": 13.989999771118164,
        "risk_index": 11.41,
        "recommendation": "Zona Penyangga Sekunder: Perdagangan Lokal / Jasa",
        "top_positive_driver": "+1.59 via built_environment_index",
        "top_negative_driver": "-0.64 via human_activity_index"
      }
    },
    {
      "type": "Feature",
      "geometry": {
        "type": "Polygon",
        "coordinates": [
          [
            [
              107.61120504413437,
              -6.908163809680568
            ],
            [
              107.61079617791071,
              -6.906448169380331
            ],
            [
              107.609035750369,
              -6.906023267988651
            ],
            [
              107.60768419281438,
              -6.907314034762571
            ],
            [
              107.60809308430316,
              -6.909029679883203
            ],
            [
              107.60985350808184,
              -6.909454553410163
            ],
            [
              107.61120504413437,
              -6.908163809680568
            ]
          ]
        ]
      },
      "properties": {
        "h3_cell": "898c1479e63ffff",
        "centroid_lat": -6.90774,
        "centroid_lon": 107.60944,
        "dist_to_transit_km": 0.947,
        "nearest_transit_hub": "Stasiun Bandung (Hall)",
        "transit_accessibility_score": 46.88,
        "prop_count": 1,
        "ruko_count": 1,
        "sewa_count": 0,
        "struk_count": 0,
        "act_count": 0,
        "potential_score": 19.149999618530273,
        "risk_index": 9.47,
        "recommendation": "Zona Penyangga Sekunder: Perdagangan Lokal / Jasa",
        "top_positive_driver": "+6.95 via built_environment_index",
        "top_negative_driver": "-0.61 via human_activity_index"
      }
    },
    {
      "type": "Feature",
      "geometry": {
        "type": "Polygon",
        "coordinates": [
          [
            [
              107.58753506246909,
              -6.920237342213685
            ],
            [
              107.58712601136085,
              -6.918521774024225
            ],
            [
              107.58536531884587,
              -6.91809688095772
            ],
            [
              107.58401368122917,
              -6.9193875839140055
            ],
            [
              107.58442275758934,
              -6.921103156883713
            ],
            [
              107.5861834463147,
              -6.92152802211755
            ],
            [
              107.58753506246909,
              -6.920237342213685
            ]
          ]
        ]
      },
      "properties": {
        "h3_cell": "898c147983bffff",
        "centroid_lat": -6.91981,
        "centroid_lon": 107.58577,
        "dist_to_transit_km": 0.97,
        "nearest_transit_hub": "Stasiun Ciroyom",
        "transit_accessibility_score": 46.02,
        "prop_count": 4,
        "ruko_count": 3,
        "sewa_count": 2,
        "struk_count": 0,
        "act_count": 0,
        "potential_score": 27.040000915527344,
        "risk_index": 9.7,
        "recommendation": "Koridor Komersial: Coworking Space / Kantor Cabang / Bank",
        "top_positive_driver": "+13.36 via built_environment_index",
        "top_negative_driver": "-0.42 via human_activity_index"
      }
    },
    {
      "type": "Feature",
      "geometry": {
        "type": "Polygon",
        "coordinates": [
          [
            [
              107.63497005636631,
              -6.9591564652977675
            ],
            [
              107.63456145902579,
              -6.957442003301164
            ],
            [
              107.63280165615367,
              -6.957017782265075
            ],
            [
              107.63145045435733,
              -6.958308051107676
            ],
            [
              107.63185907696594,
              -6.9600225179201285
            ],
            [
              107.63361887610321,
              -6.960446711074788
            ],
            [
              107.63497005636631,
              -6.9591564652977675
            ]
          ]
        ]
      },
      "properties": {
        "h3_cell": "898c1478663ffff",
        "centroid_lat": -6.95873,
        "centroid_lon": 107.63321,
        "dist_to_transit_km": 4.028,
        "nearest_transit_hub": "Stasiun Kiaracondong",
        "transit_accessibility_score": 3.99,
        "prop_count": 1,
        "ruko_count": 0,
        "sewa_count": 0,
        "struk_count": 0,
        "act_count": 0,
        "potential_score": 2.140000104904175,
        "risk_index": 40.0,
        "recommendation": "Zona Penyangga Sekunder: Perdagangan Lokal / Jasa",
        "top_positive_driver": "+0.02 via commercial_pot_ratio",
        "top_negative_driver": "-7.25 via built_environment_index"
      }
    },
    {
      "type": "Feature",
      "geometry": {
        "type": "Polygon",
        "coordinates": [
          [
            [
              107.72771362571815,
              -6.916874383752891
            ],
            [
              107.72730576096198,
              -6.915159741551912
            ],
            [
              107.7255470326324,
              -6.91473554255824
            ],
            [
              107.72419617269006,
              -6.916026013771804
            ],
            [
              107.72460406276478,
              -6.917740660942212
            ],
            [
              107.72636278746373,
              -6.9181648319302775
            ],
            [
              107.72771362571815,
              -6.916874383752891
            ]
          ]
        ]
      },
      "properties": {
        "h3_cell": "898c144ce77ffff",
        "centroid_lat": -6.91645,
        "centroid_lon": 107.72595,
        "dist_to_transit_km": 4.118,
        "nearest_transit_hub": "Stasiun Cimekar",
        "transit_accessibility_score": 3.71,
        "prop_count": 2,
        "ruko_count": 0,
        "sewa_count": 2,
        "struk_count": 0,
        "act_count": 0,
        "potential_score": 1.3200000524520874,
        "risk_index": 40.0,
        "recommendation": "Zona Penyangga Sekunder: Perdagangan Lokal / Jasa",
        "top_positive_driver": "+0.02 via spatial_lag_ruko_k2",
        "top_negative_driver": "-7.93 via built_environment_index"
      }
    },
    {
      "type": "Feature",
      "geometry": {
        "type": "Polygon",
        "coordinates": [
          [
            [
              107.57471288458012,
              -6.9430107299383295
            ],
            [
              107.5743037547751,
              -6.941295522598939
            ],
            [
              107.57254301108428,
              -6.940870810703898
            ],
            [
              107.57119140100251,
              -6.942161333960262
            ],
            [
              107.57160055604969,
              -6.9438765460466545
            ],
            [
              107.57336129593688,
              -6.944301230130342
            ],
            [
              107.57471288458012,
              -6.9430107299383295
            ]
          ]
        ]
      },
      "properties": {
        "h3_cell": "898c1479d27ffff",
        "centroid_lat": -6.94259,
        "centroid_lon": 107.57295,
        "dist_to_transit_km": 2.381,
        "nearest_transit_hub": "Terminal Leuwipanjang",
        "transit_accessibility_score": 14.89,
        "prop_count": 2,
        "ruko_count": 0,
        "sewa_count": 0,
        "struk_count": 0,
        "act_count": 0,
        "potential_score": 5.210000038146973,
        "risk_index": 23.81,
        "recommendation": "Zona Penyangga Sekunder: Perdagangan Lokal / Jasa",
        "top_positive_driver": "+0.03 via spatial_lag_prop_k2",
        "top_negative_driver": "-5.02 via built_environment_index"
      }
    },
    {
      "type": "Feature",
      "geometry": {
        "type": "Polygon",
        "coordinates": [
          [
            [
              107.67927589504316,
              -6.908422517394226
            ],
            [
              107.67886760725095,
              -6.906707363736578
            ],
            [
              107.67710814340155,
              -6.9062828196455435
            ],
            [
              107.67575697103054,
              -6.907573457161089
            ],
            [
              107.67616528412,
              -6.90928861572972
            ],
            [
              107.67792474428364,
              -6.909713131872471
            ],
            [
              107.67927589504316,
              -6.908422517394226
            ]
          ]
        ]
      },
      "properties": {
        "h3_cell": "898c147964bffff",
        "centroid_lat": -6.908,
        "centroid_lon": 107.67752,
        "dist_to_transit_km": 2.325,
        "nearest_transit_hub": "Terminal Cicaheum",
        "transit_accessibility_score": 15.57,
        "prop_count": 1,
        "ruko_count": 0,
        "sewa_count": 0,
        "struk_count": 0,
        "act_count": 0,
        "potential_score": 8.84000015258789,
        "risk_index": 23.25,
        "recommendation": "Zona Penyangga Sekunder: Perdagangan Lokal / Jasa",
        "top_positive_driver": "+0.08 via transit_x_comm",
        "top_negative_driver": "-2.18 via built_environment_index"
      }
    },
    {
      "type": "Feature",
      "geometry": {
        "type": "Polygon",
        "coordinates": [
          [
            [
              107.66051618846171,
              -6.9410745320008695
            ],
            [
              107.66010778424712,
              -6.939359892215319
            ],
            [
              107.65834823994629,
              -6.938935607176024
            ],
            [
              107.65699710356672,
              -6.940225989840154
            ],
            [
              107.6574055330644,
              -6.9419406344884225
            ],
            [
              107.65916507365897,
              -6.942364891610478
            ],
            [
              107.66051618846171,
              -6.9410745320008695
            ]
          ]
        ]
      },
      "properties": {
        "h3_cell": "898c1479433ffff",
        "centroid_lat": -6.94065,
        "centroid_lon": 107.65876,
        "dist_to_transit_km": 2.204,
        "nearest_transit_hub": "Stasiun Kiaracondong",
        "transit_accessibility_score": 17.15,
        "prop_count": 1,
        "ruko_count": 1,
        "sewa_count": 1,
        "struk_count": 0,
        "act_count": 0,
        "potential_score": 8.050000190734863,
        "risk_index": 22.04,
        "recommendation": "Zona Penyangga Sekunder: Perdagangan Lokal / Jasa",
        "top_positive_driver": "+0.05 via transit_x_comm",
        "top_negative_driver": "-2.67 via built_environment_index"
      }
    },
    {
      "type": "Feature",
      "geometry": {
        "type": "Polygon",
        "coordinates": [
          [
            [
              107.55472432202991,
              -6.970517074258651
            ],
            [
              107.55431505909506,
              -6.968802271810529
            ],
            [
              107.55255419063725,
              -6.968377754965777
            ],
            [
              107.55120258894038,
              -6.969668068349867
            ],
            [
              107.55161187710338,
              -6.971382875498882
            ],
            [
              107.55337274173554,
              -6.971807364563577
            ],
            [
              107.55472432202991,
              -6.970517074258651
            ]
          ]
        ]
      },
      "properties": {
        "h3_cell": "898c1478807ffff",
        "centroid_lat": -6.97009,
        "centroid_lon": 107.55296,
        "dist_to_transit_km": 5.265,
        "nearest_transit_hub": "Terminal Leuwipanjang",
        "transit_accessibility_score": 1.48,
        "prop_count": 0,
        "ruko_count": 0,
        "sewa_count": 0,
        "struk_count": 0,
        "act_count": 1,
        "potential_score": 8.130000114440918,
        "risk_index": 40.0,
        "recommendation": "Zona Penyangga Sekunder: Perdagangan Lokal / Jasa",
        "top_positive_driver": "+3.88 via human_activity_index",
        "top_negative_driver": "-6.75 via built_environment_index"
      }
    },
    {
      "type": "Feature",
      "geometry": {
        "type": "Polygon",
        "coordinates": [
          [
            [
              107.60951291912292,
              -6.949786859104031
            ],
            [
              107.60910409338723,
              -6.94807203140969
            ],
            [
              107.60734387813274,
              -6.947647575044628
            ],
            [
              107.60599249237828,
              -6.948937974227055
            ],
            [
              107.60640134337152,
              -6.950652806709991
            ],
            [
              107.60816155486208,
              -6.951077235222567
            ],
            [
              107.60951291912292,
              -6.949786859104031
            ]
          ]
        ]
      },
      "properties": {
        "h3_cell": "898c147835bffff",
        "centroid_lat": -6.94936,
        "centroid_lon": 107.60775,
        "dist_to_transit_km": 1.534,
        "nearest_transit_hub": "Terminal Leuwipanjang",
        "transit_accessibility_score": 29.31,
        "prop_count": 4,
        "ruko_count": 0,
        "sewa_count": 1,
        "struk_count": 0,
        "act_count": 0,
        "potential_score": 10.420000076293945,
        "risk_index": 15.34,
        "recommendation": "Zona Penyangga Sekunder: Perdagangan Lokal / Jasa",
        "top_positive_driver": "+0.75 via norm_transit",
        "top_negative_driver": "-1.46 via built_environment_index"
      }
    },
    {
      "type": "Feature",
      "geometry": {
        "type": "Polygon",
        "coordinates": [
          [
            [
              107.56414810787895,
              -6.94046237627163
            ],
            [
              107.56373888516137,
              -6.9387470440803884
            ],
            [
              107.56197797850193,
              -6.938322249331087
            ],
            [
              107.56062629837616,
              -6.93961281457266
            ],
            [
              107.56103554633127,
              -6.941328151498616
            ],
            [
              107.56279644917504,
              -6.94175291844894
            ],
            [
              107.56414810787895,
              -6.94046237627163
            ]
          ]
        ]
      },
      "properties": {
        "h3_cell": "898c1478a7bffff",
        "centroid_lat": -6.94004,
        "centroid_lon": 107.56239,
        "dist_to_transit_km": 3.58,
        "nearest_transit_hub": "Terminal Leuwipanjang",
        "transit_accessibility_score": 5.7,
        "prop_count": 1,
        "ruko_count": 1,
        "sewa_count": 0,
        "struk_count": 0,
        "act_count": 0,
        "potential_score": 6.170000076293945,
        "risk_index": 35.8,
        "recommendation": "Zona Penyangga Sekunder: Perdagangan Lokal / Jasa",
        "top_positive_driver": "+0.01 via spatial_lag_prop_k2",
        "top_negative_driver": "-3.92 via built_environment_index"
      }
    },
    {
      "type": "Feature",
      "geometry": {
        "type": "Polygon",
        "coordinates": [
          [
            [
              107.55235438955027,
              -6.9327670439190126
            ],
            [
              107.55194505673937,
              -6.931051476333639
            ],
            [
              107.5501839407615,
              -6.930626536374504
            ],
            [
              107.5488321614242,
              -6.931917191787703
            ],
            [
              107.54924151946827,
              -6.933632764097472
            ],
            [
              107.55100263161688,
              -6.934057676270297
            ],
            [
              107.55235438955027,
              -6.9327670439190126
            ]
          ]
        ]
      },
      "properties": {
        "h3_cell": "898c146a41bffff",
        "centroid_lat": -6.93234,
        "centroid_lon": 107.55059,
        "dist_to_transit_km": 5.047,
        "nearest_transit_hub": "Stasiun Ciroyom",
        "transit_accessibility_score": 1.76,
        "prop_count": 3,
        "ruko_count": 0,
        "sewa_count": 0,
        "struk_count": 0,
        "act_count": 0,
        "potential_score": 0.7400000095367432,
        "risk_index": 40.0,
        "recommendation": "Zona Penyangga Sekunder: Perdagangan Lokal / Jasa",
        "top_positive_driver": "+0.01 via norm_lag_ruko",
        "top_negative_driver": "-8.15 via built_environment_index"
      }
    },
    {
      "type": "Feature",
      "geometry": {
        "type": "Polygon",
        "coordinates": [
          [
            [
              107.60243733653894,
              -6.927066516063766
            ],
            [
              107.60202842083316,
              -6.925351188165641
            ],
            [
              107.60026797694209,
              -6.924926447151791
            ],
            [
              107.59891645252976,
              -6.926217061886063
            ],
            [
              107.59932539349347,
              -6.927932394579458
            ],
            [
              107.601085833612,
              -6.928357107743965
            ],
            [
              107.60243733653894,
              -6.927066516063766
            ]
          ]
        ]
      },
      "properties": {
        "h3_cell": "898c1479c6fffff",
        "centroid_lat": -6.92664,
        "centroid_lon": 107.60068,
        "dist_to_transit_km": 1.573,
        "nearest_transit_hub": "Stasiun Bandung (Hall)",
        "transit_accessibility_score": 28.41,
        "prop_count": 5,
        "ruko_count": 5,
        "sewa_count": 2,
        "struk_count": 0,
        "act_count": 0,
        "potential_score": 22.030000686645508,
        "risk_index": 15.73,
        "recommendation": "Koridor Komersial: Coworking Space / Kantor Cabang / Bank",
        "top_positive_driver": "+9.32 via built_environment_index",
        "top_negative_driver": "-0.54 via human_activity_index"
      }
    },
    {
      "type": "Feature",
      "geometry": {
        "type": "Polygon",
        "coordinates": [
          [
            [
              107.6876645163275,
              -6.908829877038207
            ],
            [
              107.68725630037586,
              -6.907114790949058
            ],
            [
              107.68549695774463,
              -6.906690295025964
            ],
            [
              107.6841458347417,
              -6.907980913151142
            ],
            [
              107.68455407599444,
              -6.909696004162149
            ],
            [
              107.68631341494944,
              -6.910120472126767
            ],
            [
              107.6876645163275,
              -6.908829877038207
            ]
          ]
        ]
      },
      "properties": {
        "h3_cell": "898c144cb2bffff",
        "centroid_lat": -6.90841,
        "centroid_lon": 107.68591,
        "dist_to_transit_km": 3.228,
        "nearest_transit_hub": "Terminal Cicaheum",
        "transit_accessibility_score": 7.56,
        "prop_count": 1,
        "ruko_count": 0,
        "sewa_count": 0,
        "struk_count": 0,
        "act_count": 0,
        "potential_score": 3.4200000762939453,
        "risk_index": 32.28,
        "recommendation": "Zona Penyangga Sekunder: Perdagangan Lokal / Jasa",
        "top_positive_driver": "+0.01 via spatial_lag_ruko_k2",
        "top_negative_driver": "-6.35 via built_environment_index"
      }
    },
    {
      "type": "Feature",
      "geometry": {
        "type": "Polygon",
        "coordinates": [
          [
            [
              107.57914052828203,
              -6.919828478393547
            ],
            [
              107.57873140545108,
              -6.918112842987301
            ],
            [
              107.57697059249098,
              -6.917687901754059
            ],
            [
              107.57561890616141,
              -6.918978623750155
            ],
            [
              107.57602805424038,
              -6.920694263925716
            ],
            [
              107.57778886340134,
              -6.92111917733652
            ],
            [
              107.57914052828203,
              -6.919828478393547
            ]
          ]
        ]
      },
      "properties": {
        "h3_cell": "898c147995bffff",
        "centroid_lat": -6.9194,
        "centroid_lon": 107.57738,
        "dist_to_transit_km": 1.767,
        "nearest_transit_hub": "Stasiun Ciroyom",
        "transit_accessibility_score": 24.33,
        "prop_count": 1,
        "ruko_count": 0,
        "sewa_count": 0,
        "struk_count": 0,
        "act_count": 0,
        "potential_score": 10.039999961853027,
        "risk_index": 17.67,
        "recommendation": "Zona Penyangga Sekunder: Perdagangan Lokal / Jasa",
        "top_positive_driver": "+0.30 via norm_transit",
        "top_negative_driver": "-1.29 via built_environment_index"
      }
    },
    {
      "type": "Feature",
      "geometry": {
        "type": "Polygon",
        "coordinates": [
          [
            [
              107.59838282188731,
              -6.93093826406109
            ],
            [
              107.59797387688961,
              -6.929222984266125
            ],
            [
              107.59621339784137,
              -6.928798264313533
            ],
            [
              107.59486186756828,
              -6.930088851999956
            ],
            [
              107.59527083782135,
              -6.931804136582045
            ],
            [
              107.59703131309254,
              -6.932228828691233
            ],
            [
              107.59838282188731,
              -6.93093826406109
            ]
          ]
        ]
      },
      "properties": {
        "h3_cell": "898c1479893ffff",
        "centroid_lat": -6.93051,
        "centroid_lon": 107.59662,
        "dist_to_transit_km": 1.776,
        "nearest_transit_hub": "Terminal Leuwipanjang",
        "transit_accessibility_score": 24.15,
        "prop_count": 5,
        "ruko_count": 4,
        "sewa_count": 2,
        "struk_count": 0,
        "act_count": 0,
        "potential_score": 18.510000228881836,
        "risk_index": 17.76,
        "recommendation": "Koridor Komersial: Coworking Space / Kantor Cabang / Bank",
        "top_positive_driver": "+7.62 via built_environment_index",
        "top_negative_driver": "-0.59 via human_activity_index"
      }
    },
    {
      "type": "Feature",
      "geometry": {
        "type": "Polygon",
        "coordinates": [
          [
            [
              107.66494751876212,
              -6.917898236590471
            ],
            [
              107.66453912168252,
              -6.916183168986173
            ],
            [
              107.66277950863991,
              -6.915758653787069
            ],
            [
              107.66142829637914,
              -6.917049234121299
            ],
            [
              107.66183671874768,
              -6.918764306610722
            ],
            [
              107.66359632808849,
              -6.91918879388145
            ],
            [
              107.66494751876212,
              -6.917898236590471
            ]
          ]
        ]
      },
      "properties": {
        "h3_cell": "898c1479623ffff",
        "centroid_lat": -6.91747,
        "centroid_lon": 107.66319,
        "dist_to_transit_km": 1.884,
        "nearest_transit_hub": "Terminal Cicaheum",
        "transit_accessibility_score": 22.15,
        "prop_count": 1,
        "ruko_count": 0,
        "sewa_count": 1,
        "struk_count": 0,
        "act_count": 0,
        "potential_score": 8.65999984741211,
        "risk_index": 18.84,
        "recommendation": "Zona Penyangga Sekunder: Perdagangan Lokal / Jasa",
        "top_positive_driver": "+0.16 via norm_transit",
        "top_negative_driver": "-2.38 via built_environment_index"
      }
    },
    {
      "type": "Feature",
      "geometry": {
        "type": "Polygon",
        "coordinates": [
          [
            [
              107.59904114896479,
              -6.91978017983073
            ],
            [
              107.59863219484608,
              -6.918064683683551
            ],
            [
              107.5968716617652,
              -6.917639845564546
            ],
            [
              107.59552008658004,
              -6.918930531440296
            ],
            [
              107.59592906595624,
              -6.920646032383379
            ],
            [
              107.59768959526055,
              -6.9210708426554595
            ],
            [
              107.59904114896479,
              -6.91978017983073
            ]
          ]
        ]
      },
      "properties": {
        "h3_cell": "898c14798cfffff",
        "centroid_lat": -6.91936,
        "centroid_lon": 107.59728,
        "dist_to_transit_km": 0.779,
        "nearest_transit_hub": "Stasiun Ciroyom",
        "transit_accessibility_score": 53.62,
        "prop_count": 1,
        "ruko_count": 1,
        "sewa_count": 0,
        "struk_count": 0,
        "act_count": 0,
        "potential_score": 32.84000015258789,
        "risk_index": 7.79,
        "recommendation": "Zona Penyangga Sekunder: Perdagangan Lokal / Jasa",
        "top_positive_driver": "+17.62 via built_environment_index",
        "top_negative_driver": "-0.39 via human_activity_index"
      }
    },
    {
      "type": "Feature",
      "geometry": {
        "type": "Polygon",
        "coordinates": [
          [
            [
              107.621766944375,
              -6.910712803333055
            ],
            [
              107.62135817114499,
              -6.9089972880407995
            ],
            [
              107.61959790704988,
              -6.90857246942121
            ],
            [
              107.6182464199362,
              -6.909863193971606
            ],
            [
              107.61865521843593,
              -6.911578714096533
            ],
            [
              107.62041547878006,
              -6.912003504839042
            ],
            [
              107.621766944375,
              -6.910712803333055
            ]
          ]
        ]
      },
      "properties": {
        "h3_cell": "898c1479e53ffff",
        "centroid_lat": -6.91029,
        "centroid_lon": 107.62001,
        "dist_to_transit_km": 1.357,
        "nearest_transit_hub": "Stasiun Cikudapateuh",
        "transit_accessibility_score": 33.77,
        "prop_count": 0,
        "ruko_count": 0,
        "sewa_count": 0,
        "struk_count": 1,
        "act_count": 0,
        "potential_score": 22.540000915527344,
        "risk_index": 13.57,
        "recommendation": "Zona Penyangga Sekunder: Perdagangan Lokal / Jasa",
        "top_positive_driver": "+4.36 via human_activity_index",
        "top_negative_driver": "-0.06 via spatial_synergy_index"
      }
    },
    {
      "type": "Feature",
      "geometry": {
        "type": "Polygon",
        "coordinates": [
          [
            [
              107.61799626207105,
              -6.9227369920630135
            ],
            [
              107.61758747267906,
              -6.921021688212753
            ],
            [
              107.61582722359388,
              -6.920596981090159
            ],
            [
              107.6144757676561,
              -6.921887605687987
            ],
            [
              107.61488458231406,
              -6.923602914357349
            ],
            [
              107.61664482764428,
              -6.924027593610434
            ],
            [
              107.61799626207105,
              -6.9227369920630135
            ]
          ]
        ]
      },
      "properties": {
        "h3_cell": "898c1479e83ffff",
        "centroid_lat": -6.92231,
        "centroid_lon": 107.61624,
        "dist_to_transit_km": 1.007,
        "nearest_transit_hub": "Stasiun Cikudapateuh",
        "transit_accessibility_score": 44.68,
        "prop_count": 5,
        "ruko_count": 1,
        "sewa_count": 2,
        "struk_count": 0,
        "act_count": 0,
        "potential_score": 21.1200008392334,
        "risk_index": 10.07,
        "recommendation": "Kawasan Transit Residensial: Kos Pekerja / Hunian Komuter",
        "top_positive_driver": "+8.62 via built_environment_index",
        "top_negative_driver": "-0.57 via human_activity_index"
      }
    },
    {
      "type": "Feature",
      "geometry": {
        "type": "Polygon",
        "coordinates": [
          [
            [
              107.62459508033432,
              -6.901693844648537
            ],
            [
              107.6241863192295,
              -6.89997817084872
            ],
            [
              107.62242604388743,
              -6.899553268586523
            ],
            [
              107.62107453339857,
              -6.900844068007559
            ],
            [
              107.6214833197759,
              -6.90255974665023
            ],
            [
              107.62324359137,
              -6.9029846210296615
            ],
            [
              107.62459508033432,
              -6.901693844648537
            ]
          ]
        ]
      },
      "properties": {
        "h3_cell": "898c16b6d83ffff",
        "centroid_lat": -6.90127,
        "centroid_lon": 107.62283,
        "dist_to_transit_km": 2.244,
        "nearest_transit_hub": "Stasiun Cikudapateuh",
        "transit_accessibility_score": 16.61,
        "prop_count": 1,
        "ruko_count": 0,
        "sewa_count": 0,
        "struk_count": 0,
        "act_count": 0,
        "potential_score": 5.789999961853027,
        "risk_index": 22.44,
        "recommendation": "Zona Penyangga Sekunder: Perdagangan Lokal / Jasa",
        "top_positive_driver": "+0.01 via spatial_lag_ruko_k2",
        "top_negative_driver": "-4.66 via built_environment_index"
      }
    },
    {
      "type": "Feature",
      "geometry": {
        "type": "Polygon",
        "coordinates": [
          [
            [
              107.61959790704988,
              -6.90857246942121
            ],
            [
              107.61918911259059,
              -6.906856896449985
            ],
            [
              107.61742880574812,
              -6.906432043197218
            ],
            [
              107.61607729711888,
              -6.907722790791253
            ],
            [
              107.61648611684723,
              -6.909438368593771
            ],
            [
              107.6182464199362,
              -6.909863193971606
            ],
            [
              107.61959790704988,
              -6.90857246942121
            ]
          ]
        ]
      },
      "properties": {
        "h3_cell": "898c1479e43ffff",
        "centroid_lat": -6.90815,
        "centroid_lon": 107.61784,
        "dist_to_transit_km": 1.679,
        "nearest_transit_hub": "Stasiun Cikudapateuh",
        "transit_accessibility_score": 26.1,
        "prop_count": 1,
        "ruko_count": 1,
        "sewa_count": 1,
        "struk_count": 0,
        "act_count": 1,
        "potential_score": 19.329999923706055,
        "risk_index": 16.79,
        "recommendation": "Zona Penyangga Sekunder: Perdagangan Lokal / Jasa",
        "top_positive_driver": "+4.10 via human_activity_index",
        "top_negative_driver": "-0.08 via spatial_synergy_index"
      }
    },
    {
      "type": "Feature",
      "geometry": {
        "type": "Polygon",
        "coordinates": [
          [
            [
              107.61469199536874,
              -6.887983162888407
            ],
            [
              107.6142831321493,
              -6.886267147995333
            ],
            [
              107.61252263930604,
              -6.885842044768127
            ],
            [
              107.61117101344222,
              -6.887132984308538
            ],
            [
              107.61157990193176,
              -6.888849004040976
            ],
            [
              107.61334039101544,
              -6.889274079394297
            ],
            [
              107.61469199536874,
              -6.887983162888407
            ]
          ]
        ]
      },
      "properties": {
        "h3_cell": "898c16b6d67ffff",
        "centroid_lat": -6.88756,
        "centroid_lon": 107.61293,
        "dist_to_transit_km": 3.017,
        "nearest_transit_hub": "Stasiun Bandung (Hall)",
        "transit_accessibility_score": 8.95,
        "prop_count": 1,
        "ruko_count": 0,
        "sewa_count": 1,
        "struk_count": 0,
        "act_count": 0,
        "potential_score": 4.550000190734863,
        "risk_index": 30.17,
        "recommendation": "Zona Penyangga Sekunder: Perdagangan Lokal / Jasa",
        "top_positive_driver": "+0.02 via commercial_pot_ratio",
        "top_negative_driver": "-5.56 via built_environment_index"
      }
    },
    {
      "type": "Feature",
      "geometry": {
        "type": "Polygon",
        "coordinates": [
          [
            [
              107.65504963068152,
              -6.90419334499538
            ],
            [
              107.65464113147365,
              -6.902477935989627
            ],
            [
              107.65288130063793,
              -6.902053219504487
            ],
            [
              107.65152997272385,
              -6.903343939945315
            ],
            [
              107.65193849721824,
              -6.905059353832767
            ],
            [
              107.65369832434058,
              -6.9054840423983315
            ],
            [
              107.65504963068152,
              -6.90419334499538
            ]
          ]
        ]
      },
      "properties": {
        "h3_cell": "898c1479207ffff",
        "centroid_lat": -6.90377,
        "centroid_lon": 107.65329,
        "dist_to_transit_km": 0.529,
        "nearest_transit_hub": "Terminal Cicaheum",
        "transit_accessibility_score": 65.49,
        "prop_count": 1,
        "ruko_count": 1,
        "sewa_count": 1,
        "struk_count": 0,
        "act_count": 0,
        "potential_score": 28.420000076293945,
        "risk_index": 5.29,
        "recommendation": "Zona Penyangga Sekunder: Perdagangan Lokal / Jasa",
        "top_positive_driver": "+14.08 via built_environment_index",
        "top_negative_driver": "-0.40 via human_activity_index"
      }
    },
    {
      "type": "Feature",
      "geometry": {
        "type": "Polygon",
        "coordinates": [
          [
            [
              107.71272734125318,
              -6.9375023071986455
            ],
            [
              107.71231937613685,
              -6.935787967144182
            ],
            [
              107.71056055179265,
              -6.935363915866116
            ],
            [
              107.70920969621234,
              -6.936654232625315
            ],
            [
              107.70961768663688,
              -6.938368577614525
            ],
            [
              107.71137650733392,
              -6.938792600910441
            ],
            [
              107.71272734125318,
              -6.9375023071986455
            ]
          ]
        ]
      },
      "properties": {
        "h3_cell": "898c144c897ffff",
        "centroid_lat": -6.93708,
        "centroid_lon": 107.71097,
        "dist_to_transit_km": 1.295,
        "nearest_transit_hub": "Stasiun Cimekar",
        "transit_accessibility_score": 35.49,
        "prop_count": 1,
        "ruko_count": 0,
        "sewa_count": 0,
        "struk_count": 0,
        "act_count": 0,
        "potential_score": 12.569999694824219,
        "risk_index": 12.95,
        "recommendation": "Zona Penyangga Sekunder: Perdagangan Lokal / Jasa",
        "top_positive_driver": "+1.13 via norm_transit",
        "top_negative_driver": "-0.65 via human_activity_index"
      }
    },
    {
      "type": "Feature",
      "geometry": {
        "type": "Polygon",
        "coordinates": [
          [
            [
              107.53125390199442,
              -7.018181933375101
            ],
            [
              107.53084450316285,
              -7.016467912919482
            ],
            [
              107.5290835760324,
              -7.016043791833444
            ],
            [
              107.52773205158508,
              -7.017333718943134
            ],
            [
              107.52814147562583,
              -7.019047744034716
            ],
            [
              107.52990239890516,
              -7.019471837381287
            ],
            [
              107.53125390199442,
              -7.018181933375101
            ]
          ]
        ]
      },
      "properties": {
        "h3_cell": "898c14630c3ffff",
        "centroid_lat": -7.01776,
        "centroid_lon": 107.52949,
        "dist_to_transit_km": 10.684,
        "nearest_transit_hub": "Terminal Leuwipanjang",
        "transit_accessibility_score": 0.02,
        "prop_count": 0,
        "ruko_count": 0,
        "sewa_count": 0,
        "struk_count": 0,
        "act_count": 1,
        "potential_score": 7.519999980926514,
        "risk_index": 40.0,
        "recommendation": "Zona Penyangga Sekunder: Perdagangan Lokal / Jasa",
        "top_positive_driver": "+3.90 via human_activity_index",
        "top_negative_driver": "-6.89 via built_environment_index"
      }
    },
    {
      "type": "Feature",
      "geometry": {
        "type": "Polygon",
        "coordinates": [
          [
            [
              107.62846466378386,
              -6.952740138839034
            ],
            [
              107.62805600276856,
              -6.951025503572049
            ],
            [
              107.62629607163345,
              -6.950601178464149
            ],
            [
              107.62494480525648,
              -6.951891516498927
            ],
            [
              107.62535349153787,
              -6.953606156577653
            ],
            [
              107.62711341893058,
              -6.9540304538105175
            ],
            [
              107.62846466378386,
              -6.952740138839034
            ]
          ]
        ]
      },
      "properties": {
        "h3_cell": "898c14782c7ffff",
        "centroid_lat": -6.95232,
        "centroid_lon": 107.6267,
        "dist_to_transit_km": 3.452,
        "nearest_transit_hub": "Stasiun Cikudapateuh",
        "transit_accessibility_score": 6.32,
        "prop_count": 2,
        "ruko_count": 2,
        "sewa_count": 2,
        "struk_count": 0,
        "act_count": 0,
        "potential_score": 7.730000019073486,
        "risk_index": 34.52,
        "recommendation": "Koridor Komersial: Coworking Space / Kantor Cabang / Bank",
        "top_positive_driver": "+0.11 via commercial_activity_synergy",
        "top_negative_driver": "-2.70 via built_environment_index"
      }
    },
    {
      "type": "Feature",
      "geometry": {
        "type": "Polygon",
        "coordinates": [
          [
            [
              107.67361891859824,
              -6.926455643537957
            ],
            [
              107.67321060646368,
              -6.9247408068892025
            ],
            [
              107.67145116474386,
              -6.924316430459467
            ],
            [
              107.67010003885076,
              -6.925606918616066
            ],
            [
              107.67050837627697,
              -6.927321760155408
            ],
            [
              107.67226781430504,
              -6.927746108648224
            ],
            [
              107.67361891859824,
              -6.926455643537957
            ]
          ]
        ]
      },
      "properties": {
        "h3_cell": "898c1479687ffff",
        "centroid_lat": -6.92603,
        "centroid_lon": 107.67186,
        "dist_to_transit_km": 2.165,
        "nearest_transit_hub": "Stasiun Gedebage",
        "transit_accessibility_score": 17.69,
        "prop_count": 1,
        "ruko_count": 0,
        "sewa_count": 0,
        "struk_count": 0,
        "act_count": 0,
        "potential_score": 7.510000228881836,
        "risk_index": 21.65,
        "recommendation": "Zona Penyangga Sekunder: Perdagangan Lokal / Jasa",
        "top_positive_driver": "+0.05 via transit_x_comm",
        "top_negative_driver": "-3.16 via built_environment_index"
      }
    },
    {
      "type": "Feature",
      "geometry": {
        "type": "Polygon",
        "coordinates": [
          [
            [
              107.62695522764925,
              -6.939446481040459
            ],
            [
              107.62654653630888,
              -6.937731571532764
            ],
            [
              107.62478650844537,
              -6.937307093441183
            ],
            [
              107.62343517566705,
              -6.938597552734379
            ],
            [
              107.62384389227492,
              -6.94031246706124
            ],
            [
              107.62560391639404,
              -6.9407369172763955
            ],
            [
              107.62695522764925,
              -6.939446481040459
            ]
          ]
        ]
      },
      "properties": {
        "h3_cell": "898c14791b3ffff",
        "centroid_lat": -6.93902,
        "centroid_lon": 107.6252,
        "dist_to_transit_km": 1.971,
        "nearest_transit_hub": "Stasiun Cikudapateuh",
        "transit_accessibility_score": 20.66,
        "prop_count": 1,
        "ruko_count": 0,
        "sewa_count": 0,
        "struk_count": 0,
        "act_count": 0,
        "potential_score": 7.179999828338623,
        "risk_index": 19.71,
        "recommendation": "Zona Penyangga Sekunder: Perdagangan Lokal / Jasa",
        "top_positive_driver": "+0.08 via transit_decay_quad",
        "top_negative_driver": "-3.57 via built_environment_index"
      }
    },
    {
      "type": "Feature",
      "geometry": {
        "type": "Polygon",
        "coordinates": [
          [
            [
              107.56943061846363,
              -6.94173661525358
            ],
            [
              107.56902144220078,
              -6.9400213454819895
            ],
            [
              107.5672606170135,
              -6.93959659215656
            ],
            [
              107.56590897189915,
              -6.94088713640854
            ],
            [
              107.56631817340183,
              -6.942602410920983
            ],
            [
              107.56807899477946,
              -6.943027136441248
            ],
            [
              107.56943061846363,
              -6.94173661525358
            ]
          ]
        ]
      },
      "properties": {
        "h3_cell": "898c1478a43ffff",
        "centroid_lat": -6.94131,
        "centroid_lon": 107.56767,
        "dist_to_transit_km": 2.98,
        "nearest_transit_hub": "Terminal Leuwipanjang",
        "transit_accessibility_score": 9.22,
        "prop_count": 3,
        "ruko_count": 3,
        "sewa_count": 2,
        "struk_count": 0,
        "act_count": 0,
        "potential_score": 13.399999618530273,
        "risk_index": 29.8,
        "recommendation": "Koridor Komersial: Coworking Space / Kantor Cabang / Bank",
        "top_positive_driver": "+2.35 via built_environment_index",
        "top_negative_driver": "-0.82 via norm_transit"
      }
    },
    {
      "type": "Feature",
      "geometry": {
        "type": "Polygon",
        "coordinates": [
          [
            [
              107.63855068893173,
              -6.911529371550472
            ],
            [
              107.63814205926107,
              -6.9098139910205125
            ],
            [
              107.63638203678555,
              -6.909389268710433
            ],
            [
              107.63503064771301,
              -6.910679954828476
            ],
            [
              107.6354393026612,
              -6.912395340212907
            ],
            [
              107.63719932140482,
              -6.9128200346254784
            ],
            [
              107.63855068893173,
              -6.911529371550472
            ]
          ]
        ]
      },
      "properties": {
        "h3_cell": "898c1479313ffff",
        "centroid_lat": -6.9111,
        "centroid_lon": 107.63679,
        "dist_to_transit_km": 1.701,
        "nearest_transit_hub": "Stasiun Cikudapateuh",
        "transit_accessibility_score": 25.65,
        "prop_count": 3,
        "ruko_count": 3,
        "sewa_count": 1,
        "struk_count": 0,
        "act_count": 0,
        "potential_score": 15.539999961853027,
        "risk_index": 17.01,
        "recommendation": "Koridor Komersial: Coworking Space / Kantor Cabang / Bank",
        "top_positive_driver": "+3.75 via built_environment_index",
        "top_negative_driver": "-0.63 via human_activity_index"
      }
    },
    {
      "type": "Feature",
      "geometry": {
        "type": "Polygon",
        "coordinates": [
          [
            [
              107.62441092326848,
              -6.9566110566835295
            ],
            [
              107.62400223294614,
              -6.954896469546883
            ],
            [
              107.62224226655404,
              -6.954472165500734
            ],
            [
              107.62089099423159,
              -6.955762476461001
            ],
            [
              107.62129970981744,
              -6.957477068401261
            ],
            [
              107.62305967246265,
              -6.957901344578304
            ],
            [
              107.62441092326848,
              -6.9566110566835295
            ]
          ]
        ]
      },
      "properties": {
        "h3_cell": "898c147828fffff",
        "centroid_lat": -6.95619,
        "centroid_lon": 107.62265,
        "dist_to_transit_km": 3.327,
        "nearest_transit_hub": "Terminal Leuwipanjang",
        "transit_accessibility_score": 6.98,
        "prop_count": 5,
        "ruko_count": 1,
        "sewa_count": 1,
        "struk_count": 0,
        "act_count": 0,
        "potential_score": 4.440000057220459,
        "risk_index": 33.27,
        "recommendation": "Zona Penyangga Sekunder: Perdagangan Lokal / Jasa",
        "top_positive_driver": "+0.03 via commercial_pot_ratio",
        "top_negative_driver": "-5.57 via built_environment_index"
      }
    },
    {
      "type": "Feature",
      "geometry": {
        "type": "Polygon",
        "coordinates": [
          [
            [
              107.66683313326457,
              -6.911886859238057
            ],
            [
              107.66642474429301,
              -6.910171685965086
            ],
            [
              107.66466512384982,
              -6.909747114903549
            ],
            [
              107.66331389607836,
              -6.9110377450478016
            ],
            [
              107.66372231034072,
              -6.912752923212685
            ],
            [
              107.66548192708412,
              -6.9131774663420655
            ],
            [
              107.66683313326457,
              -6.911886859238057
            ]
          ]
        ]
      },
      "properties": {
        "h3_cell": "898c1479667ffff",
        "centroid_lat": -6.91146,
        "centroid_lon": 107.66507,
        "dist_to_transit_km": 1.388,
        "nearest_transit_hub": "Terminal Cicaheum",
        "transit_accessibility_score": 32.94,
        "prop_count": 1,
        "ruko_count": 0,
        "sewa_count": 0,
        "struk_count": 0,
        "act_count": 0,
        "potential_score": 11.489999771118164,
        "risk_index": 13.88,
        "recommendation": "Zona Penyangga Sekunder: Perdagangan Lokal / Jasa",
        "top_positive_driver": "+1.05 via norm_transit",
        "top_negative_driver": "-0.67 via human_activity_index"
      }
    },
    {
      "type": "Feature",
      "geometry": {
        "type": "Polygon",
        "coordinates": [
          [
            [
              107.6951096993881,
              -6.912242604732266
            ],
            [
              107.6947015512234,
              -6.910527639052028
            ],
            [
              107.69294233354059,
              -6.9101032192704075
            ],
            [
              107.69159126769061,
              -6.911393793136463
            ],
            [
              107.69199944115937,
              -6.913108763746036
            ],
            [
              107.69375865517446,
              -6.913533155560888
            ],
            [
              107.6951096993881,
              -6.912242604732266
            ]
          ]
        ]
      },
      "properties": {
        "h3_cell": "898c144cb03ffff",
        "centroid_lat": -6.91182,
        "centroid_lon": 107.69335,
        "dist_to_transit_km": 3.932,
        "nearest_transit_hub": "Stasiun Cimekar",
        "transit_accessibility_score": 4.3,
        "prop_count": 1,
        "ruko_count": 0,
        "sewa_count": 1,
        "struk_count": 0,
        "act_count": 0,
        "potential_score": 2.2100000381469727,
        "risk_index": 39.32,
        "recommendation": "Zona Penyangga Sekunder: Perdagangan Lokal / Jasa",
        "top_positive_driver": "+0.03 via commercial_pot_ratio",
        "top_negative_driver": "-7.21 via built_environment_index"
      }
    },
    {
      "type": "Feature",
      "geometry": {
        "type": "Polygon",
        "coordinates": [
          [
            [
              107.67249026012215,
              -6.893850862317813
            ],
            [
              107.6720818954833,
              -6.892135372207855
            ],
            [
              107.67032225286222,
              -6.891710633513598
            ],
            [
              107.66897097857422,
              -6.893001412873451
            ],
            [
              107.66937936850948,
              -6.894716907895716
            ],
            [
              107.67113900743674,
              -6.895141618646466
            ],
            [
              107.67249026012215,
              -6.893850862317813
            ]
          ]
        ]
      },
      "properties": {
        "h3_cell": "898c16b652bffff",
        "centroid_lat": -6.89343,
        "centroid_lon": 107.67073,
        "dist_to_transit_km": 1.714,
        "nearest_transit_hub": "Terminal Cicaheum",
        "transit_accessibility_score": 25.38,
        "prop_count": 4,
        "ruko_count": 0,
        "sewa_count": 1,
        "struk_count": 0,
        "act_count": 0,
        "potential_score": 8.899999618530273,
        "risk_index": 17.14,
        "recommendation": "Zona Penyangga Sekunder: Perdagangan Lokal / Jasa",
        "top_positive_driver": "+0.32 via norm_transit",
        "top_negative_driver": "-2.38 via built_environment_index"
      }
    },
    {
      "type": "Feature",
      "geometry": {
        "type": "Polygon",
        "coordinates": [
          [
            [
              107.62063235305529,
              -6.878096219940753
            ],
            [
              107.6202235272311,
              -6.876380051533879
            ],
            [
              107.61846306211388,
              -6.875954871391172
            ],
            [
              107.61711142657428,
              -6.877245887539589
            ],
            [
              107.61752027767298,
              -6.878962060800785
            ],
            [
              107.61928073903717,
              -6.8793872130599
            ],
            [
              107.62063235305529,
              -6.878096219940753
            ]
          ]
        ]
      },
      "properties": {
        "h3_cell": "898c16b68afffff",
        "centroid_lat": -6.87767,
        "centroid_lon": 107.61887,
        "dist_to_transit_km": 3.482,
        "nearest_transit_hub": "Terminal Ledeng",
        "transit_accessibility_score": 6.17,
        "prop_count": 1,
        "ruko_count": 0,
        "sewa_count": 1,
        "struk_count": 0,
        "act_count": 0,
        "potential_score": 5.050000190734863,
        "risk_index": 34.82,
        "recommendation": "Zona Penyangga Sekunder: Perdagangan Lokal / Jasa",
        "top_positive_driver": "+0.03 via spatial_lag_prop_k2",
        "top_negative_driver": "-5.03 via built_environment_index"
      }
    },
    {
      "type": "Feature",
      "geometry": {
        "type": "Polygon",
        "coordinates": [
          [
            [
              107.57754032014321,
              -6.933993297820159
            ],
            [
              107.57713120241942,
              -6.932277931693242
            ],
            [
              107.5753704473237,
              -6.931853136352809
            ],
            [
              107.57401881375283,
              -6.933143734956965
            ],
            [
              107.57442795672158,
              -6.934859105841033
            ],
            [
              107.57618870801666,
              -6.935283873364443
            ],
            [
              107.57754032014321,
              -6.933993297820159
            ]
          ]
        ]
      },
      "properties": {
        "h3_cell": "898c147999bffff",
        "centroid_lat": -6.93357,
        "centroid_lon": 107.57578,
        "dist_to_transit_km": 2.478,
        "nearest_transit_hub": "Terminal Leuwipanjang",
        "transit_accessibility_score": 13.77,
        "prop_count": 2,
        "ruko_count": 0,
        "sewa_count": 0,
        "struk_count": 0,
        "act_count": 0,
        "potential_score": 6.920000076293945,
        "risk_index": 24.78,
        "recommendation": "Zona Penyangga Sekunder: Perdagangan Lokal / Jasa",
        "top_positive_driver": "+0.05 via transit_x_comm",
        "top_negative_driver": "-3.60 via built_environment_index"
      }
    },
    {
      "type": "Feature",
      "geometry": {
        "type": "Polygon",
        "coordinates": [
          [
            [
              107.57254301108428,
              -6.940870810703898
            ],
            [
              107.57213386006289,
              -6.939155545677928
            ],
            [
              107.57037307371786,
              -6.938730799162047
            ],
            [
              107.56902144220078,
              -6.9400213454819895
            ],
            [
              107.56943061846363,
              -6.94173661525358
            ],
            [
              107.57119140100251,
              -6.942161333960262
            ],
            [
              107.57254301108428,
              -6.940870810703898
            ]
          ]
        ]
      },
      "properties": {
        "h3_cell": "898c1478a5bffff",
        "centroid_lat": -6.94045,
        "centroid_lon": 107.57078,
        "dist_to_transit_km": 2.666,
        "nearest_transit_hub": "Terminal Leuwipanjang",
        "transit_accessibility_score": 11.85,
        "prop_count": 4,
        "ruko_count": 0,
        "sewa_count": 0,
        "struk_count": 0,
        "act_count": 0,
        "potential_score": 8.390000343322754,
        "risk_index": 26.66,
        "recommendation": "Zona Penyangga Sekunder: Perdagangan Lokal / Jasa",
        "top_positive_driver": "+0.06 via transit_x_comm",
        "top_negative_driver": "-2.25 via built_environment_index"
      }
    },
    {
      "type": "Feature",
      "geometry": {
        "type": "Polygon",
        "coordinates": [
          [
            [
              107.66277950863991,
              -6.915758653787069
            ],
            [
              107.66237109032429,
              -6.914043528456388
            ],
            [
              107.66061143445917,
              -6.913618978575517
            ],
            [
              107.65926020061443,
              -6.914909581952223
            ],
            [
              107.65966864421834,
              -6.9166247121666675
            ],
            [
              107.66142829637914,
              -6.917049234121299
            ],
            [
              107.66277950863991,
              -6.915758653787069
            ]
          ]
        ]
      },
      "properties": {
        "h3_cell": "898c147962fffff",
        "centroid_lat": -6.91533,
        "centroid_lon": 107.66102,
        "dist_to_transit_km": 1.587,
        "nearest_transit_hub": "Terminal Cicaheum",
        "transit_accessibility_score": 28.09,
        "prop_count": 4,
        "ruko_count": 1,
        "sewa_count": 2,
        "struk_count": 0,
        "act_count": 0,
        "potential_score": 11.729999542236328,
        "risk_index": 15.87,
        "recommendation": "Zona Penyangga Sekunder: Perdagangan Lokal / Jasa",
        "top_positive_driver": "+0.51 via norm_transit",
        "top_negative_driver": "-0.68 via human_activity_index"
      }
    },
    {
      "type": "Feature",
      "geometry": {
        "type": "Polygon",
        "coordinates": [
          [
            [
              107.59422274859152,
              -6.87171738433972
            ],
            [
              107.59381369026119,
              -6.870000903645783
            ],
            [
              107.59205281665007,
              -6.86957551699688
            ],
            [
              107.59070100515292,
              -6.870866638895177
            ],
            [
              107.59111008874628,
              -6.8725831244126905
            ],
            [
              107.5928709585742,
              -6.873008483208969
            ],
            [
              107.59422274859152,
              -6.87171738433972
            ]
          ]
        ]
      },
      "properties": {
        "h3_cell": "898c146b683ffff",
        "centroid_lat": -6.87129,
        "centroid_lon": 107.59246,
        "dist_to_transit_km": 1.396,
        "nearest_transit_hub": "Terminal Ledeng",
        "transit_accessibility_score": 32.73,
        "prop_count": 2,
        "ruko_count": 2,
        "sewa_count": 1,
        "struk_count": 0,
        "act_count": 0,
        "potential_score": 15.470000267028809,
        "risk_index": 13.96,
        "recommendation": "Koridor Komersial: Coworking Space / Kantor Cabang / Bank",
        "top_positive_driver": "+2.99 via built_environment_index",
        "top_negative_driver": "-0.64 via human_activity_index"
      }
    },
    {
      "type": "Feature",
      "geometry": {
        "type": "Polygon",
        "coordinates": [
          [
            [
              107.59489700261594,
              -6.951111266003996
            ],
            [
              107.59448805464068,
              -6.949396361463046
            ],
            [
              107.59272764095779,
              -6.9489718431908996
            ],
            [
              107.59137617903112,
              -6.950262257294563
            ],
            [
              107.5917851522568,
              -6.951977166603692
            ],
            [
              107.59354556215916,
              -6.952401657041647
            ],
            [
              107.59489700261594,
              -6.951111266003996
            ]
          ]
        ]
      },
      "properties": {
        "h3_cell": "898c1478367ffff",
        "centroid_lat": -6.95069,
        "centroid_lon": 107.59314,
        "dist_to_transit_km": 0.502,
        "nearest_transit_hub": "Terminal Leuwipanjang",
        "transit_accessibility_score": 66.92,
        "prop_count": 1,
        "ruko_count": 1,
        "sewa_count": 1,
        "struk_count": 0,
        "act_count": 0,
        "potential_score": 28.860000610351562,
        "risk_index": 5.02,
        "recommendation": "Zona Penyangga Sekunder: Perdagangan Lokal / Jasa",
        "top_positive_driver": "+14.21 via built_environment_index",
        "top_negative_driver": "-0.40 via human_activity_index"
      }
    },
    {
      "type": "Feature",
      "geometry": {
        "type": "Polygon",
        "coordinates": [
          [
            [
              107.59093179746222,
              -6.927524021615869
            ],
            [
              107.59052278476602,
              -6.925808621663663
            ],
            [
              107.58876218141242,
              -6.925383825666928
            ],
            [
              107.58741059454105,
              -6.926674457458123
            ],
            [
              107.58781963248964,
              -6.928389862189934
            ],
            [
              107.58958023205764,
              -6.928814630351591
            ],
            [
              107.59093179746222,
              -6.927524021615869
            ]
          ]
        ]
      },
      "properties": {
        "h3_cell": "898c14798bbffff",
        "centroid_lat": -6.9271,
        "centroid_lon": 107.58917,
        "dist_to_transit_km": 1.481,
        "nearest_transit_hub": "Stasiun Ciroyom",
        "transit_accessibility_score": 30.58,
        "prop_count": 2,
        "ruko_count": 2,
        "sewa_count": 2,
        "struk_count": 0,
        "act_count": 0,
        "potential_score": 15.390000343322754,
        "risk_index": 14.81,
        "recommendation": "Koridor Komersial: Coworking Space / Kantor Cabang / Bank",
        "top_positive_driver": "+3.15 via built_environment_index",
        "top_negative_driver": "-0.65 via human_activity_index"
      }
    },
    {
      "type": "Feature",
      "geometry": {
        "type": "Polygon",
        "coordinates": [
          [
            [
              107.60121057223286,
              -6.921920421794061
            ],
            [
              107.60080163933819,
              -6.920204983324893
            ],
            [
              107.59904114896479,
              -6.91978017983073
            ],
            [
              107.59768959526055,
              -6.9210708426554595
            ],
            [
              107.59809855341338,
              -6.922786285921914
            ],
            [
              107.59985904001272,
              -6.92321106156699
            ],
            [
              107.60121057223286,
              -6.921920421794061
            ]
          ]
        ]
      },
      "properties": {
        "h3_cell": "898c14798c3ffff",
        "centroid_lat": -6.9215,
        "centroid_lon": 107.59945,
        "dist_to_transit_km": 1.041,
        "nearest_transit_hub": "Stasiun Bandung (Hall)",
        "transit_accessibility_score": 43.48,
        "prop_count": 9,
        "ruko_count": 7,
        "sewa_count": 1,
        "struk_count": 0,
        "act_count": 0,
        "potential_score": 34.20000076293945,
        "risk_index": 10.41,
        "recommendation": "Koridor Komersial: Coworking Space / Kantor Cabang / Bank",
        "top_positive_driver": "+18.18 via built_environment_index",
        "top_negative_driver": "-0.39 via human_activity_index"
      }
    },
    {
      "type": "Feature",
      "geometry": {
        "type": "Polygon",
        "coordinates": [
          [
            [
              107.6121477217627,
              -6.905157400671556
            ],
            [
              107.61173885957741,
              -6.903441707528938
            ],
            [
              107.60997842827364,
              -6.9030167782706595
            ],
            [
              107.60862686291762,
              -6.904307570022255
            ],
            [
              107.609035750369,
              -6.906023267988651
            ],
            [
              107.61079617791071,
              -6.906448169380331
            ],
            [
              107.6121477217627,
              -6.905157400671556
            ]
          ]
        ]
      },
      "properties": {
        "h3_cell": "898c1479e6bffff",
        "centroid_lat": -6.90473,
        "centroid_lon": 107.61039,
        "dist_to_transit_km": 1.242,
        "nearest_transit_hub": "Stasiun Bandung (Hall)",
        "transit_accessibility_score": 37.02,
        "prop_count": 2,
        "ruko_count": 0,
        "sewa_count": 2,
        "struk_count": 0,
        "act_count": 0,
        "potential_score": 13.630000114440918,
        "risk_index": 12.42,
        "recommendation": "Zona Penyangga Sekunder: Perdagangan Lokal / Jasa",
        "top_positive_driver": "+1.20 via built_environment_index",
        "top_negative_driver": "-0.65 via human_activity_index"
      }
    },
    {
      "type": "Feature",
      "geometry": {
        "type": "Polygon",
        "coordinates": [
          [
            [
              107.64449032924358,
              -6.901644964244955
            ],
            [
              107.64408173699479,
              -6.899929430095711
            ],
            [
              107.64232174239207,
              -6.899504630822393
            ],
            [
              107.64097034376395,
              -6.900795393606218
            ],
            [
              107.6413789612947,
              -6.902510932624888
            ],
            [
              107.64313895217202,
              -6.9029357039909724
            ],
            [
              107.64449032924358,
              -6.901644964244955
            ]
          ]
        ]
      },
      "properties": {
        "h3_cell": "898c147935bffff",
        "centroid_lat": -6.90122,
        "centroid_lon": 107.64273,
        "dist_to_transit_km": 1.631,
        "nearest_transit_hub": "Terminal Cicaheum",
        "transit_accessibility_score": 27.12,
        "prop_count": 1,
        "ruko_count": 0,
        "sewa_count": 1,
        "struk_count": 0,
        "act_count": 0,
        "potential_score": 13.09000015258789,
        "risk_index": 16.31,
        "recommendation": "Zona Penyangga Sekunder: Perdagangan Lokal / Jasa",
        "top_positive_driver": "+1.09 via built_environment_index",
        "top_negative_driver": "-0.66 via human_activity_index"
      }
    },
    {
      "type": "Feature",
      "geometry": {
        "type": "Polygon",
        "coordinates": [
          [
            [
              107.68021876575261,
              -6.905416724394933
            ],
            [
              107.67981048201871,
              -6.903701517927108
            ],
            [
              107.67805101448452,
              -6.903276945885894
            ],
            [
              107.67669983436944,
              -6.904567608263339
            ],
            [
              107.67710814340155,
              -6.9062828196455435
            ],
            [
              107.67886760725095,
              -6.906707363736578
            ],
            [
              107.68021876575261,
              -6.905416724394933
            ]
          ]
        ]
      },
      "properties": {
        "h3_cell": "898c16b6587ffff",
        "centroid_lat": -6.90499,
        "centroid_lon": 107.67846,
        "dist_to_transit_km": 2.346,
        "nearest_transit_hub": "Terminal Cicaheum",
        "transit_accessibility_score": 15.31,
        "prop_count": 6,
        "ruko_count": 5,
        "sewa_count": 3,
        "struk_count": 0,
        "act_count": 0,
        "potential_score": 16.15999984741211,
        "risk_index": 23.46,
        "recommendation": "Koridor Komersial: Coworking Space / Kantor Cabang / Bank",
        "top_positive_driver": "+5.26 via built_environment_index",
        "top_negative_driver": "-0.70 via norm_transit"
      }
    },
    {
      "type": "Feature",
      "geometry": {
        "type": "Polygon",
        "coordinates": [
          [
            [
              107.59969952025843,
              -6.9086208177489965
            ],
            [
              107.59929055701849,
              -6.906905105339863
            ],
            [
              107.59752996990215,
              -6.906480149054571
            ],
            [
              107.59617834980227,
              -6.907770933029511
            ],
            [
              107.59658733830183,
              -6.909486650243358
            ],
            [
              107.59834792164206,
              -6.909911578678201
            ],
            [
              107.59969952025843,
              -6.9086208177489965
            ]
          ]
        ]
      },
      "properties": {
        "h3_cell": "898c1479a87ffff",
        "centroid_lat": -6.9082,
        "centroid_lon": 107.59794,
        "dist_to_transit_km": 0.694,
        "nearest_transit_hub": "Stasiun Bandung (Hall)",
        "transit_accessibility_score": 57.4,
        "prop_count": 0,
        "ruko_count": 0,
        "sewa_count": 0,
        "struk_count": 0,
        "act_count": 1,
        "potential_score": 27.600000381469727,
        "risk_index": 6.94,
        "recommendation": "Zona Penyangga Sekunder: Perdagangan Lokal / Jasa",
        "top_positive_driver": "+7.88 via built_environment_index",
        "top_negative_driver": "-0.22 via spatial_synergy_index"
      }
    },
    {
      "type": "Feature",
      "geometry": {
        "type": "Polygon",
        "coordinates": [
          [
            [
              107.57697059249098,
              -6.917687901754059
            ],
            [
              107.57656144843969,
              -6.915972208691779
            ],
            [
              107.57480059281107,
              -6.91554723285699
            ],
            [
              107.57344888503584,
              -6.916837977905427
            ],
            [
              107.57385805433448,
              -6.918553675735646
            ],
            [
              107.57561890616141,
              -6.918978623750155
            ],
            [
              107.57697059249098,
              -6.917687901754059
            ]
          ]
        ]
      },
      "properties": {
        "h3_cell": "898c147994bffff",
        "centroid_lat": -6.91726,
        "centroid_lon": 107.57521,
        "dist_to_transit_km": 1.939,
        "nearest_transit_hub": "Stasiun Ciroyom",
        "transit_accessibility_score": 21.2,
        "prop_count": 0,
        "ruko_count": 0,
        "sewa_count": 0,
        "struk_count": 0,
        "act_count": 1,
        "potential_score": 14.8100004196167,
        "risk_index": 19.39,
        "recommendation": "Zona Penyangga Sekunder: Perdagangan Lokal / Jasa",
        "top_positive_driver": "+3.46 via human_activity_index",
        "top_negative_driver": "-3.02 via built_environment_index"
      }
    },
    {
      "type": "Feature",
      "geometry": {
        "type": "Polygon",
        "coordinates": [
          [
            [
              107.63921031009869,
              -6.900370587592239
            ],
            [
              107.63880167133401,
              -6.898654990890013
            ],
            [
              107.63704159488405,
              -6.898230150232394
            ],
            [
              107.63569016093061,
              -6.899520934178697
            ],
            [
              107.63609882497495,
              -6.901236535744204
            ],
            [
              107.63785889769348,
              -6.901661348500778
            ],
            [
              107.63921031009869,
              -6.900370587592239
            ]
          ]
        ]
      },
      "properties": {
        "h3_cell": "898c147934fffff",
        "centroid_lat": -6.89995,
        "centroid_lon": 107.63745,
        "dist_to_transit_km": 2.22,
        "nearest_transit_hub": "Terminal Cicaheum",
        "transit_accessibility_score": 16.93,
        "prop_count": 1,
        "ruko_count": 0,
        "sewa_count": 1,
        "struk_count": 0,
        "act_count": 0,
        "potential_score": 6.03000020980835,
        "risk_index": 22.2,
        "recommendation": "Zona Penyangga Sekunder: Perdagangan Lokal / Jasa",
        "top_positive_driver": "+0.02 via spatial_lag_ruko_k2",
        "top_negative_driver": "-4.45 via built_environment_index"
      }
    },
    {
      "type": "Feature",
      "geometry": {
        "type": "Polygon",
        "coordinates": [
          [
            [
              107.60309579833972,
              -6.91590813735221
            ],
            [
              107.60268687351551,
              -6.914192593135426
            ],
            [
              107.60092637559701,
              -6.913767733937422
            ],
            [
              107.5995748062752,
              -6.91505844680972
            ],
            [
              107.59998375635944,
              -6.916773995830577
            ],
            [
              107.60174425050587,
              -6.917198827175719
            ],
            [
              107.60309579833972,
              -6.91590813735221
            ]
          ]
        ]
      },
      "properties": {
        "h3_cell": "898c1479e27ffff",
        "centroid_lat": -6.91548,
        "centroid_lon": 107.60134,
        "dist_to_transit_km": 0.341,
        "nearest_transit_hub": "Stasiun Bandung (Hall)",
        "transit_accessibility_score": 76.12,
        "prop_count": 1,
        "ruko_count": 1,
        "sewa_count": 1,
        "struk_count": 0,
        "act_count": 0,
        "potential_score": 31.479999542236328,
        "risk_index": 3.41,
        "recommendation": "Zona Penyangga Sekunder: Perdagangan Lokal / Jasa",
        "top_positive_driver": "+15.98 via built_environment_index",
        "top_negative_driver": "-0.39 via human_activity_index"
      }
    },
    {
      "type": "Feature",
      "geometry": {
        "type": "Polygon",
        "coordinates": [
          [
            [
              107.66739778096654,
              -6.928187868126849
            ],
            [
              107.66698941825032,
              -6.926473021701687
            ],
            [
              107.66522989825711,
              -6.926048631742208
            ],
            [
              107.66387874467932,
              -6.927339116137409
            ],
            [
              107.664287132684,
              -6.929053967443642
            ],
            [
              107.66604664897841,
              -6.9294783294742555
            ],
            [
              107.66739778096654,
              -6.928187868126849
            ]
          ]
        ]
      },
      "properties": {
        "h3_cell": "898c14796b7ffff",
        "centroid_lat": -6.92776,
        "centroid_lon": 107.66564,
        "dist_to_transit_km": 2.135,
        "nearest_transit_hub": "Stasiun Kiaracondong",
        "transit_accessibility_score": 18.12,
        "prop_count": 2,
        "ruko_count": 2,
        "sewa_count": 1,
        "struk_count": 0,
        "act_count": 0,
        "potential_score": 11.75,
        "risk_index": 21.35,
        "recommendation": "Koridor Komersial: Coworking Space / Kantor Cabang / Bank",
        "top_positive_driver": "+0.48 via built_environment_index",
        "top_negative_driver": "-0.59 via human_activity_index"
      }
    },
    {
      "type": "Feature",
      "geometry": {
        "type": "Polygon",
        "coordinates": [
          [
            [
              107.52859488685185,
              -6.97229860088026
            ],
            [
              107.5281854049459,
              -6.970583650230008
            ],
            [
              107.5264241800692,
              -6.970159016156989
            ],
            [
              107.52507244095418,
              -6.971449360482325
            ],
            [
              107.5254819480755,
              -6.973164315797351
            ],
            [
              107.52724316909693,
              -6.973588922122924
            ],
            [
              107.52859488685185,
              -6.97229860088026
            ]
          ]
        ]
      },
      "properties": {
        "h3_cell": "898c147892bffff",
        "centroid_lat": -6.97187,
        "centroid_lon": 107.52683,
        "dist_to_transit_km": 7.961,
        "nearest_transit_hub": "Terminal Leuwipanjang",
        "transit_accessibility_score": 0.17,
        "prop_count": 0,
        "ruko_count": 0,
        "sewa_count": 0,
        "struk_count": 2,
        "act_count": 0,
        "potential_score": 20.010000228881836,
        "risk_index": 40.0,
        "recommendation": "Zona Penyangga Sekunder: Perdagangan Lokal / Jasa",
        "top_positive_driver": "+7.93 via human_activity_index",
        "top_negative_driver": "-4.91 via built_environment_index"
      }
    },
    {
      "type": "Feature",
      "geometry": {
        "type": "Polygon",
        "coordinates": [
          [
            [
              107.58328397262325,
              -6.8884857414552645
            ],
            [
              107.58287484361165,
              -6.886769515111372
            ],
            [
              107.5811139111249,
              -6.88634425423119
            ],
            [
              107.57976211144542,
              -6.887635247530665
            ],
            [
              107.58017126571211,
              -6.889351478671622
            ],
            [
              107.58193219440362,
              -6.889776711716695
            ],
            [
              107.58328397262325,
              -6.8884857414552645
            ]
          ]
        ]
      },
      "properties": {
        "h3_cell": "898c146b417ffff",
        "centroid_lat": -6.88806,
        "centroid_lon": 107.58152,
        "dist_to_transit_km": 3.149,
        "nearest_transit_hub": "Stasiun Ciroyom",
        "transit_accessibility_score": 8.05,
        "prop_count": 3,
        "ruko_count": 1,
        "sewa_count": 1,
        "struk_count": 0,
        "act_count": 0,
        "potential_score": 4.840000152587891,
        "risk_index": 31.49,
        "recommendation": "Zona Penyangga Sekunder: Perdagangan Lokal / Jasa",
        "top_positive_driver": "+0.02 via commercial_pot_ratio",
        "top_negative_driver": "-5.25 via built_environment_index"
      }
    },
    {
      "type": "Feature",
      "geometry": {
        "type": "Polygon",
        "coordinates": [
          [
            [
              107.58527668311739,
              -6.945558586337885
            ],
            [
              107.58486764623729,
              -6.943843503900533
            ],
            [
              107.58310706561217,
              -6.943418874885867
            ],
            [
              107.58175552565912,
              -6.944709356132934
            ],
            [
              107.58216458778597,
              -6.946424443329573
            ],
            [
              107.58392516461953,
              -6.946849044520522
            ],
            [
              107.58527668311739,
              -6.945558586337885
            ]
          ]
        ]
      },
      "properties": {
        "h3_cell": "898c1479d17ffff",
        "centroid_lat": -6.94513,
        "centroid_lon": 107.58352,
        "dist_to_transit_km": 1.186,
        "nearest_transit_hub": "Terminal Leuwipanjang",
        "transit_accessibility_score": 38.72,
        "prop_count": 1,
        "ruko_count": 0,
        "sewa_count": 0,
        "struk_count": 0,
        "act_count": 0,
        "potential_score": 13.449999809265137,
        "risk_index": 11.86,
        "recommendation": "Zona Penyangga Sekunder: Perdagangan Lokal / Jasa",
        "top_positive_driver": "+1.16 via norm_transit",
        "top_negative_driver": "-0.64 via human_activity_index"
      }
    },
    {
      "type": "Feature",
      "geometry": {
        "type": "Polygon",
        "coordinates": [
          [
            [
              107.62563695987055,
              -6.961754596684252
            ],
            [
              107.6252282867306,
              -6.960040120254364
            ],
            [
              107.62346836682559,
              -6.9596158787658755
            ],
            [
              107.62211712380633,
              -6.960906141577269
            ],
            [
              107.62252582220954,
              -6.962620622808736
            ],
            [
              107.62428573836917,
              -6.963044836427875
            ],
            [
              107.62563695987055,
              -6.961754596684252
            ]
          ]
        ]
      },
      "properties": {
        "h3_cell": "898c1478297ffff",
        "centroid_lat": -6.96133,
        "centroid_lon": 107.62388,
        "dist_to_transit_km": 3.677,
        "nearest_transit_hub": "Terminal Leuwipanjang",
        "transit_accessibility_score": 5.28,
        "prop_count": 2,
        "ruko_count": 0,
        "sewa_count": 1,
        "struk_count": 0,
        "act_count": 0,
        "potential_score": 1.9199999570846558,
        "risk_index": 36.77,
        "recommendation": "Zona Penyangga Sekunder: Perdagangan Lokal / Jasa",
        "top_positive_driver": "+0.02 via spatial_lag_ruko_k2",
        "top_negative_driver": "-7.44 via built_environment_index"
      }
    },
    {
      "type": "Feature",
      "geometry": {
        "type": "Polygon",
        "coordinates": [
          [
            [
              107.62893296125671,
              -6.905974719851239
            ],
            [
              107.62852424261426,
              -6.904259161402509
            ],
            [
              107.62676405279187,
              -6.9038343284065276
            ],
            [
              107.6254125853553,
              -6.905125081746982
            ],
            [
              107.62582132927164,
              -6.9068406450413065
            ],
            [
              107.62758151535108,
              -6.907265450150235
            ],
            [
              107.62893296125671,
              -6.905974719851239
            ]
          ]
        ]
      },
      "properties": {
        "h3_cell": "898c147932bffff",
        "centroid_lat": -6.90555,
        "centroid_lon": 107.62717,
        "dist_to_transit_km": 1.763,
        "nearest_transit_hub": "Stasiun Cikudapateuh",
        "transit_accessibility_score": 24.4,
        "prop_count": 1,
        "ruko_count": 0,
        "sewa_count": 0,
        "struk_count": 0,
        "act_count": 0,
        "potential_score": 8.609999656677246,
        "risk_index": 17.63,
        "recommendation": "Zona Penyangga Sekunder: Perdagangan Lokal / Jasa",
        "top_positive_driver": "+0.29 via norm_transit",
        "top_negative_driver": "-2.70 via built_environment_index"
      }
    },
    {
      "type": "Feature",
      "geometry": {
        "type": "Polygon",
        "coordinates": [
          [
            [
              107.67182958783341,
              -6.9050091045239865
            ],
            [
              107.67142123226564,
              -6.90329383051399
            ],
            [
              107.66966164356734,
              -6.902869210319912
            ],
            [
              107.66831041413151,
              -6.904159892076453
            ],
            [
              107.6687187949936,
              -6.905875170989926
            ],
            [
              107.67047837999759,
              -6.906299763244032
            ],
            [
              107.67182958783341,
              -6.9050091045239865
            ]
          ]
        ]
      },
      "properties": {
        "h3_cell": "898c16b65a7ffff",
        "centroid_lat": -6.90458,
        "centroid_lon": 107.67007,
        "dist_to_transit_km": 1.429,
        "nearest_transit_hub": "Terminal Cicaheum",
        "transit_accessibility_score": 31.88,
        "prop_count": 3,
        "ruko_count": 1,
        "sewa_count": 2,
        "struk_count": 0,
        "act_count": 0,
        "potential_score": 13.130000114440918,
        "risk_index": 14.29,
        "recommendation": "Zona Penyangga Sekunder: Perdagangan Lokal / Jasa",
        "top_positive_driver": "+1.02 via built_environment_index",
        "top_negative_driver": "-0.66 via human_activity_index"
      }
    },
    {
      "type": "Feature",
      "geometry": {
        "type": "Polygon",
        "coordinates": [
          [
            [
              107.66127173884885,
              -6.9024613015277945
            ],
            [
              107.66086329021886,
              -6.900745902299729
            ],
            [
              107.65910353759654,
              -6.900321199290805
            ],
            [
              107.65775223731099,
              -6.901611923438221
            ],
            [
              107.65816071123072,
              -6.9033273275575135
            ],
            [
              107.6599204601467,
              -6.903752002638804
            ],
            [
              107.66127173884885,
              -6.9024613015277945
            ]
          ]
        ]
      },
      "properties": {
        "h3_cell": "898c147921bffff",
        "centroid_lat": -6.90204,
        "centroid_lon": 107.65951,
        "dist_to_transit_km": 0.23,
        "nearest_transit_hub": "Terminal Cicaheum",
        "transit_accessibility_score": 83.19,
        "prop_count": 1,
        "ruko_count": 0,
        "sewa_count": 0,
        "struk_count": 0,
        "act_count": 0,
        "potential_score": 30.6200008392334,
        "risk_index": 2.3,
        "recommendation": "Zona Penyangga Sekunder: Perdagangan Lokal / Jasa",
        "top_positive_driver": "+15.72 via built_environment_index",
        "top_negative_driver": "-0.40 via human_activity_index"
      }
    },
    {
      "type": "Feature",
      "geometry": {
        "type": "Polygon",
        "coordinates": [
          [
            [
              107.71300834971876,
              -6.9456495283142665
            ],
            [
              107.71260039770956,
              -6.943935351804255
            ],
            [
              107.71084162356108,
              -6.943511391244129
            ],
            [
              107.70949080506881,
              -6.944801635175119
            ],
            [
              107.70989878238497,
              -6.946515816614422
            ],
            [
              107.71165755288685,
              -6.946939749194096
            ],
            [
              107.71300834971876,
              -6.9456495283142665
            ]
          ]
        ]
      },
      "properties": {
        "h3_cell": "898c144cdcbffff",
        "centroid_lat": -6.94523,
        "centroid_lon": 107.71125,
        "dist_to_transit_km": 0.891,
        "nearest_transit_hub": "Stasiun Cimekar",
        "transit_accessibility_score": 49.03,
        "prop_count": 11,
        "ruko_count": 0,
        "sewa_count": 2,
        "struk_count": 0,
        "act_count": 0,
        "potential_score": 17.309999465942383,
        "risk_index": 8.91,
        "recommendation": "Kawasan Transit Residensial: Kos Pekerja / Hunian Komuter",
        "top_positive_driver": "+5.08 via built_environment_index",
        "top_negative_driver": "-0.63 via human_activity_index"
      }
    },
    {
      "type": "Feature",
      "geometry": {
        "type": "Polygon",
        "coordinates": [
          [
            [
              107.68361120604133,
              -6.912701635623392
            ],
            [
              107.68320296072912,
              -6.91098659742985
            ],
            [
              107.68144358259089,
              -6.910562122723255
            ],
            [
              107.680092453446,
              -6.9118527141634125
            ],
            [
              107.68050072405678,
              -6.913567757270647
            ],
            [
              107.68226009851428,
              -6.9139922040246855
            ],
            [
              107.68361120604133,
              -6.912701635623392
            ]
          ]
        ]
      },
      "properties": {
        "h3_cell": "898c144cb27ffff",
        "centroid_lat": -6.91228,
        "centroid_lon": 107.68185,
        "dist_to_transit_km": 2.943,
        "nearest_transit_hub": "Terminal Cicaheum",
        "transit_accessibility_score": 9.5,
        "prop_count": 1,
        "ruko_count": 1,
        "sewa_count": 0,
        "struk_count": 0,
        "act_count": 0,
        "potential_score": 5.309999942779541,
        "risk_index": 29.43,
        "recommendation": "Zona Penyangga Sekunder: Perdagangan Lokal / Jasa",
        "top_positive_driver": "+0.02 via spatial_lag_ruko_k2",
        "top_negative_driver": "-4.92 via built_environment_index"
      }
    },
    {
      "type": "Feature",
      "geometry": {
        "type": "Polygon",
        "coordinates": [
          [
            [
              107.55378200869018,
              -6.973522113998808
            ],
            [
              107.55337274173554,
              -6.971807364563577
            ],
            [
              107.55161187710338,
              -6.971382875498882
            ],
            [
              107.55026028325291,
              -6.9726731636482056
            ],
            [
              107.55066957543475,
              -6.974387917780932
            ],
            [
              107.55243043624029,
              -6.974812379067487
            ],
            [
              107.55378200869018,
              -6.973522113998808
            ]
          ]
        ]
      },
      "properties": {
        "h3_cell": "898c14788abffff",
        "centroid_lat": -6.9731,
        "centroid_lon": 107.55202,
        "dist_to_transit_km": 5.527,
        "nearest_transit_hub": "Terminal Leuwipanjang",
        "transit_accessibility_score": 1.2,
        "prop_count": 0,
        "ruko_count": 0,
        "sewa_count": 0,
        "struk_count": 2,
        "act_count": 1,
        "potential_score": 27.84000015258789,
        "risk_index": 40.0,
        "recommendation": "Zona Penyangga Sekunder: Perdagangan Lokal / Jasa",
        "top_positive_driver": "+10.54 via human_activity_index",
        "top_negative_driver": "-4.38 via built_environment_index"
      }
    },
    {
      "type": "Feature",
      "geometry": {
        "type": "Polygon",
        "coordinates": [
          [
            [
              107.54849937984163,
              -6.972248667727743
            ],
            [
              107.5480900664521,
              -6.970533855882603
            ],
            [
              107.54632912043839,
              -6.970109325332479
            ],
            [
              107.54497749164729,
              -6.971399634400101
            ],
            [
              107.54538683026173,
              -6.973114450936602
            ],
            [
              107.54714777244277,
              -6.97353895371477
            ],
            [
              107.54849937984163,
              -6.972248667727743
            ]
          ]
        ]
      },
      "properties": {
        "h3_cell": "898c1478837ffff",
        "centroid_lat": -6.97182,
        "centroid_lon": 107.54674,
        "dist_to_transit_km": 5.958,
        "nearest_transit_hub": "Terminal Leuwipanjang",
        "transit_accessibility_score": 0.85,
        "prop_count": 0,
        "ruko_count": 0,
        "sewa_count": 0,
        "struk_count": 0,
        "act_count": 1,
        "potential_score": 7.71999979019165,
        "risk_index": 70.0,
        "recommendation": "Zona Peringatan Kemacetan: Perlu Mitigasi Aksesibilitas",
        "top_positive_driver": "+3.87 via human_activity_index",
        "top_negative_driver": "-6.86 via built_environment_index"
      }
    },
    {
      "type": "Feature",
      "geometry": {
        "type": "Polygon",
        "coordinates": [
          [
            [
              107.56094905480917,
              -6.968785444778678
            ],
            [
              107.5605398423355,
              -6.967070651746598
            ],
            [
              107.55877905147095,
              -6.966646148599486
            ],
            [
              107.55742747689914,
              -6.967936466273228
            ],
            [
              107.55783671460419,
              -6.969651264015703
            ],
            [
              107.55959750165013,
              -6.970075739374695
            ],
            [
              107.56094905480917,
              -6.968785444778678
            ]
          ]
        ]
      },
      "properties": {
        "h3_cell": "898c147881bffff",
        "centroid_lat": -6.96836,
        "centroid_lon": 107.55919,
        "dist_to_transit_km": 4.577,
        "nearest_transit_hub": "Terminal Leuwipanjang",
        "transit_accessibility_score": 2.57,
        "prop_count": 0,
        "ruko_count": 0,
        "sewa_count": 0,
        "struk_count": 0,
        "act_count": 1,
        "potential_score": 8.390000343322754,
        "risk_index": 70.0,
        "recommendation": "Zona Peringatan Kemacetan: Perlu Mitigasi Aksesibilitas",
        "top_positive_driver": "+3.83 via human_activity_index",
        "top_negative_driver": "-6.67 via built_environment_index"
      }
    },
    {
      "type": "Feature",
      "geometry": {
        "type": "Polygon",
        "coordinates": [
          [
            [
              107.67560109872359,
              -6.892984808205503
            ],
            [
              107.67519275938278,
              -6.891269323012637
            ],
            [
              107.67343315591728,
              -6.89084459103971
            ],
            [
              107.6720818954833,
              -6.892135372207855
            ],
            [
              107.67249026012215,
              -6.893850862317813
            ],
            [
              107.67424985989733,
              -6.894275566343188
            ],
            [
              107.67560109872359,
              -6.892984808205503
            ]
          ]
        ]
      },
      "properties": {
        "h3_cell": "898c16b6577ffff",
        "centroid_lat": -6.89256,
        "centroid_lon": 107.67384,
        "dist_to_transit_km": 2.06,
        "nearest_transit_hub": "Terminal Cicaheum",
        "transit_accessibility_score": 19.24,
        "prop_count": 1,
        "ruko_count": 0,
        "sewa_count": 0,
        "struk_count": 0,
        "act_count": 0,
        "potential_score": 6.699999809265137,
        "risk_index": 20.6,
        "recommendation": "Zona Penyangga Sekunder: Perdagangan Lokal / Jasa",
        "top_positive_driver": "+0.08 via transit_decay_quad",
        "top_negative_driver": "-3.91 via built_environment_index"
      }
    },
    {
      "type": "Feature",
      "geometry": {
        "type": "Polygon",
        "coordinates": [
          [
            [
              107.62346077651875,
              -6.869074427751241
            ],
            [
              107.62305196282134,
              -6.867358101049955
            ],
            [
              107.6212914864509,
              -6.866932837245145
            ],
            [
              107.61993982752837,
              -6.868223928031525
            ],
            [
              107.6203486665031,
              -6.869940259597342
            ],
            [
              107.62210913912348,
              -6.870365495512899
            ],
            [
              107.62346077651875,
              -6.869074427751241
            ]
          ]
        ]
      },
      "properties": {
        "h3_cell": "898c16b6877ffff",
        "centroid_lat": -6.86865,
        "centroid_lon": 107.6217,
        "dist_to_transit_km": 3.279,
        "nearest_transit_hub": "Terminal Ledeng",
        "transit_accessibility_score": 7.26,
        "prop_count": 2,
        "ruko_count": 0,
        "sewa_count": 1,
        "struk_count": 0,
        "act_count": 0,
        "potential_score": 3.309999942779541,
        "risk_index": 32.79,
        "recommendation": "Zona Penyangga Sekunder: Perdagangan Lokal / Jasa",
        "top_positive_driver": "+0.01 via spatial_lag_ruko_k2",
        "top_negative_driver": "-6.47 via built_environment_index"
      }
    },
    {
      "type": "Feature",
      "geometry": {
        "type": "Polygon",
        "coordinates": [
          [
            [
              107.61582722359388,
              -6.920596981090159
            ],
            [
              107.61541841297493,
              -6.918881619546349
            ],
            [
              107.61365812115245,
              -6.918456877781985
            ],
            [
              107.61230664370683,
              -6.919747525429469
            ],
            [
              107.6127154795911,
              -6.921462891791008
            ],
            [
              107.6144757676561,
              -6.921887605687987
            ],
            [
              107.61582722359388,
              -6.920596981090159
            ]
          ]
        ]
      },
      "properties": {
        "h3_cell": "898c1479e8fffff",
        "centroid_lat": -6.92017,
        "centroid_lon": 107.61407,
        "dist_to_transit_km": 1.246,
        "nearest_transit_hub": "Stasiun Cikudapateuh",
        "transit_accessibility_score": 36.91,
        "prop_count": 8,
        "ruko_count": 4,
        "sewa_count": 4,
        "struk_count": 0,
        "act_count": 0,
        "potential_score": 21.6200008392334,
        "risk_index": 12.46,
        "recommendation": "Koridor Komersial: Coworking Space / Kantor Cabang / Bank",
        "top_positive_driver": "+8.81 via built_environment_index",
        "top_negative_driver": "-0.56 via human_activity_index"
      }
    },
    {
      "type": "Feature",
      "geometry": {
        "type": "Polygon",
        "coordinates": [
          [
            [
              107.55329682252052,
              -6.929760818842701
            ],
            [
              107.55288749373003,
              -6.9280451983328435
            ],
            [
              107.55112637392388,
              -6.927620230585498
            ],
            [
              107.5497745867369,
              -6.9289109111368585
            ],
            [
              107.5501839407615,
              -6.930626536374504
            ],
            [
              107.55194505673937,
              -6.931051476333639
            ],
            [
              107.55329682252052,
              -6.929760818842701
            ]
          ]
        ]
      },
      "properties": {
        "h3_cell": "898c146a457ffff",
        "centroid_lat": -6.92934,
        "centroid_lon": 107.55154,
        "dist_to_transit_km": 4.825,
        "nearest_transit_hub": "Stasiun Ciroyom",
        "transit_accessibility_score": 2.11,
        "prop_count": 1,
        "ruko_count": 0,
        "sewa_count": 0,
        "struk_count": 0,
        "act_count": 0,
        "potential_score": 1.4800000190734863,
        "risk_index": 40.0,
        "recommendation": "Zona Penyangga Sekunder: Perdagangan Lokal / Jasa",
        "top_positive_driver": "+0.03 via commercial_pot_ratio",
        "top_negative_driver": "-7.73 via built_environment_index"
      }
    },
    {
      "type": "Feature",
      "geometry": {
        "type": "Polygon",
        "coordinates": [
          [
            [
              107.63185907696594,
              -6.9600225179201285
            ],
            [
              107.63145045435733,
              -6.958308051107676
            ],
            [
              107.62969061246494,
              -6.957883823256053
            ],
            [
              107.62833939691993,
              -6.9591740900949475
            ],
            [
              107.62874804479502,
              -6.960888561718501
            ],
            [
              107.63050788294906,
              -6.9613127616927155
            ],
            [
              107.63185907696594,
              -6.9600225179201285
            ]
          ]
        ]
      },
      "properties": {
        "h3_cell": "898c1478667ffff",
        "centroid_lat": -6.9596,
        "centroid_lon": 107.6301,
        "dist_to_transit_km": 4.229,
        "nearest_transit_hub": "Terminal Leuwipanjang",
        "transit_accessibility_score": 3.39,
        "prop_count": 2,
        "ruko_count": 0,
        "sewa_count": 0,
        "struk_count": 0,
        "act_count": 0,
        "potential_score": 1.2000000476837158,
        "risk_index": 40.0,
        "recommendation": "Zona Penyangga Sekunder: Perdagangan Lokal / Jasa",
        "top_positive_driver": "+0.01 via norm_lag_ruko",
        "top_negative_driver": "-8.01 via built_environment_index"
      }
    },
    {
      "type": "Feature",
      "geometry": {
        "type": "Polygon",
        "coordinates": [
          [
            [
              107.5896157264431,
              -6.94983773220607
            ],
            [
              107.58920673199918,
              -6.9481227651825135
            ],
            [
              107.58744623672882,
              -6.947698205447707
            ],
            [
              107.58609473968936,
              -6.94898864056513
            ],
            [
              107.5865037593814,
              -6.9507036123507255
            ],
            [
              107.58826425086522,
              -6.951128144257511
            ],
            [
              107.5896157264431,
              -6.94983773220607
            ]
          ]
        ]
      },
      "properties": {
        "h3_cell": "898c1479d83ffff",
        "centroid_lat": -6.94941,
        "centroid_lon": 107.58786,
        "dist_to_transit_km": 0.781,
        "nearest_transit_hub": "Terminal Leuwipanjang",
        "transit_accessibility_score": 53.54,
        "prop_count": 2,
        "ruko_count": 0,
        "sewa_count": 0,
        "struk_count": 0,
        "act_count": 0,
        "potential_score": 19.450000762939453,
        "risk_index": 7.81,
        "recommendation": "Zona Penyangga Sekunder: Perdagangan Lokal / Jasa",
        "top_positive_driver": "+7.07 via built_environment_index",
        "top_negative_driver": "-0.62 via human_activity_index"
      }
    },
    {
      "type": "Feature",
      "geometry": {
        "type": "Polygon",
        "coordinates": [
          [
            [
              107.59518133581619,
              -6.959260842032064
            ],
            [
              107.59477240099496,
              -6.957546101128704
            ],
            [
              107.59301203756051,
              -6.957121673179985
            ],
            [
              107.5916606127277,
              -6.958412013967818
            ],
            [
              107.59206957279815,
              -6.960126759633952
            ],
            [
              107.59382993245264,
              -6.960551159750129
            ],
            [
              107.59518133581619,
              -6.959260842032064
            ]
          ]
        ]
      },
      "properties": {
        "h3_cell": "898c1478333ffff",
        "centroid_lat": -6.95884,
        "centroid_lon": 107.59342,
        "dist_to_transit_km": 1.397,
        "nearest_transit_hub": "Terminal Leuwipanjang",
        "transit_accessibility_score": 32.71,
        "prop_count": 1,
        "ruko_count": 1,
        "sewa_count": 0,
        "struk_count": 0,
        "act_count": 0,
        "potential_score": 16.950000762939453,
        "risk_index": 13.97,
        "recommendation": "Zona Penyangga Sekunder: Perdagangan Lokal / Jasa",
        "top_positive_driver": "+5.01 via built_environment_index",
        "top_negative_driver": "-0.65 via human_activity_index"
      }
    },
    {
      "type": "Feature",
      "geometry": {
        "type": "Polygon",
        "coordinates": [
          [
            [
              107.70989878238497,
              -6.946515816614422
            ],
            [
              107.70949080506881,
              -6.944801635175119
            ],
            [
              107.70773199166901,
              -6.94437766783779
            ],
            [
              107.70638115923593,
              -6.945667909916867
            ],
            [
              107.70678916185749,
              -6.947382096280738
            ],
            [
              107.70854797160716,
              -6.947806035641617
            ],
            [
              107.70989878238497,
              -6.946515816614422
            ]
          ]
        ]
      },
      "properties": {
        "h3_cell": "898c144cdcfffff",
        "centroid_lat": -6.94609,
        "centroid_lon": 107.70814,
        "dist_to_transit_km": 0.546,
        "nearest_transit_hub": "Stasiun Cimekar",
        "transit_accessibility_score": 64.61,
        "prop_count": 6,
        "ruko_count": 0,
        "sewa_count": 1,
        "struk_count": 0,
        "act_count": 0,
        "potential_score": 22.639999389648438,
        "risk_index": 5.46,
        "recommendation": "Kawasan Transit Residensial: Kos Pekerja / Hunian Komuter",
        "top_positive_driver": "+9.14 via built_environment_index",
        "top_negative_driver": "-0.55 via human_activity_index"
      }
    },
    {
      "type": "Feature",
      "geometry": {
        "type": "Polygon",
        "coordinates": [
          [
            [
              107.57377042976826,
              -6.946016384526499
            ],
            [
              107.57336129593688,
              -6.944301230130342
            ],
            [
              107.57160055604969,
              -6.9438765460466545
            ],
            [
              107.5702489537989,
              -6.945167044169252
            ],
            [
              107.5706581128715,
              -6.9468822033090225
            ],
            [
              107.57241884895407,
              -6.947306859583247
            ],
            [
              107.57377042976826,
              -6.946016384526499
            ]
          ]
        ]
      },
      "properties": {
        "h3_cell": "898c1478acbffff",
        "centroid_lat": -6.94559,
        "centroid_lon": 107.57201,
        "dist_to_transit_km": 2.451,
        "nearest_transit_hub": "Terminal Leuwipanjang",
        "transit_accessibility_score": 14.07,
        "prop_count": 1,
        "ruko_count": 0,
        "sewa_count": 0,
        "struk_count": 0,
        "act_count": 0,
        "potential_score": 4.829999923706055,
        "risk_index": 24.51,
        "recommendation": "Zona Penyangga Sekunder: Perdagangan Lokal / Jasa",
        "top_positive_driver": "+0.03 via spatial_lag_prop_k2",
        "top_negative_driver": "-5.38 via built_environment_index"
      }
    },
    {
      "type": "Feature",
      "geometry": {
        "type": "Polygon",
        "coordinates": [
          [
            [
              107.5790524399465,
              -6.947290291447774
            ],
            [
              107.5786433525745,
              -6.945575199496607
            ],
            [
              107.576882694202,
              -6.9451505568560385
            ],
            [
              107.57553112700047,
              -6.946441033982932
            ],
            [
              107.57594023961599,
              -6.948156130683845
            ],
            [
              107.5777008941899,
              -6.9485807455087745
            ],
            [
              107.5790524399465,
              -6.947290291447774
            ]
          ]
        ]
      },
      "properties": {
        "h3_cell": "898c1479dafffff",
        "centroid_lat": -6.94687,
        "centroid_lon": 107.57729,
        "dist_to_transit_km": 1.867,
        "nearest_transit_hub": "Terminal Leuwipanjang",
        "transit_accessibility_score": 22.46,
        "prop_count": 2,
        "ruko_count": 0,
        "sewa_count": 0,
        "struk_count": 0,
        "act_count": 0,
        "potential_score": 8.020000457763672,
        "risk_index": 18.67,
        "recommendation": "Zona Penyangga Sekunder: Perdagangan Lokal / Jasa",
        "top_positive_driver": "+0.17 via norm_transit",
        "top_negative_driver": "-3.11 via built_environment_index"
      }
    },
    {
      "type": "Feature",
      "geometry": {
        "type": "Polygon",
        "coordinates": [
          [
            [
              107.71206550896288,
              -6.948653872821737
            ],
            [
              107.71165755288685,
              -6.946939749194096
            ],
            [
              107.70989878238497,
              -6.946515816614422
            ],
            [
              107.70854797160716,
              -6.947806035641617
            ],
            [
              107.70895595298926,
              -6.949520164195171
            ],
            [
              107.71071471984351,
              -6.94994406879627
            ],
            [
              107.71206550896288,
              -6.948653872821737
            ]
          ]
        ]
      },
      "properties": {
        "h3_cell": "898c144cdc3ffff",
        "centroid_lat": -6.94823,
        "centroid_lon": 107.71031,
        "dist_to_transit_km": 0.83,
        "nearest_transit_hub": "Stasiun Cimekar",
        "transit_accessibility_score": 51.48,
        "prop_count": 6,
        "ruko_count": 0,
        "sewa_count": 1,
        "struk_count": 0,
        "act_count": 0,
        "potential_score": 17.940000534057617,
        "risk_index": 8.3,
        "recommendation": "Kawasan Transit Residensial: Kos Pekerja / Hunian Komuter",
        "top_positive_driver": "+5.50 via built_environment_index",
        "top_negative_driver": "-0.63 via human_activity_index"
      }
    },
    {
      "type": "Feature",
      "geometry": {
        "type": "Polygon",
        "coordinates": [
          [
            [
              107.58988282077017,
              -6.867433557489502
            ],
            [
              107.58947371998063,
              -6.865716961605643
            ],
            [
              107.58771276095524,
              -6.865291505826906
            ],
            [
              107.58636090650805,
              -6.866582673780959
            ],
            [
              107.58677003255924,
              -6.86829927448563
            ],
            [
              107.58853098779639,
              -6.868724702416075
            ],
            [
              107.58988282077017,
              -6.867433557489502
            ]
          ]
        ]
      },
      "properties": {
        "h3_cell": "898c146b617ffff",
        "centroid_lat": -6.86701,
        "centroid_lon": 107.58812,
        "dist_to_transit_km": 1.101,
        "nearest_transit_hub": "Terminal Ledeng",
        "transit_accessibility_score": 41.45,
        "prop_count": 2,
        "ruko_count": 0,
        "sewa_count": 0,
        "struk_count": 0,
        "act_count": 0,
        "potential_score": 14.649999618530273,
        "risk_index": 11.01,
        "recommendation": "Zona Penyangga Sekunder: Perdagangan Lokal / Jasa",
        "top_positive_driver": "+2.30 via built_environment_index",
        "top_negative_driver": "-0.64 via human_activity_index"
      }
    },
    {
      "type": "Feature",
      "geometry": {
        "type": "Polygon",
        "coordinates": [
          [
            [
              107.56971568155,
              -6.949887782475062
            ],
            [
              107.56930651845232,
              -6.948172676288925
            ],
            [
              107.56754574352871,
              -6.947748013194973
            ],
            [
              107.56619413551229,
              -6.949038484091335
            ],
            [
              107.56660332384861,
              -6.950753595012941
            ],
            [
              107.56836409496312,
              -6.9511782303033645
            ],
            [
              107.56971568155,
              -6.949887782475062
            ]
          ]
        ]
      },
      "properties": {
        "h3_cell": "898c1478ac7ffff",
        "centroid_lat": -6.94946,
        "centroid_lon": 107.56795,
        "dist_to_transit_km": 2.918,
        "nearest_transit_hub": "Terminal Leuwipanjang",
        "transit_accessibility_score": 9.69,
        "prop_count": 3,
        "ruko_count": 1,
        "sewa_count": 2,
        "struk_count": 0,
        "act_count": 0,
        "potential_score": 5.300000190734863,
        "risk_index": 29.18,
        "recommendation": "Zona Penyangga Sekunder: Perdagangan Lokal / Jasa",
        "top_positive_driver": "+0.01 via commercial_pot_ratio",
        "top_negative_driver": "-4.90 via built_environment_index"
      }
    },
    {
      "type": "Feature",
      "geometry": {
        "type": "Polygon",
        "coordinates": [
          [
            [
              107.6315757832751,
              -6.951874112293525
            ],
            [
              107.63116714752744,
              -6.950159481843047
            ],
            [
              107.62940725540453,
              -6.949735163542453
            ],
            [
              107.62805600276856,
              -6.951025503572049
            ],
            [
              107.62846466378386,
              -6.952740138839034
            ],
            [
              107.63022455216792,
              -6.953164429260564
            ],
            [
              107.6315757832751,
              -6.951874112293525
            ]
          ]
        ]
      },
      "properties": {
        "h3_cell": "898c14782c3ffff",
        "centroid_lat": -6.95145,
        "centroid_lon": 107.62982,
        "dist_to_transit_km": 3.389,
        "nearest_transit_hub": "Stasiun Cikudapateuh",
        "transit_accessibility_score": 6.65,
        "prop_count": 2,
        "ruko_count": 0,
        "sewa_count": 1,
        "struk_count": 0,
        "act_count": 0,
        "potential_score": 5.150000095367432,
        "risk_index": 33.89,
        "recommendation": "Zona Penyangga Sekunder: Perdagangan Lokal / Jasa",
        "top_positive_driver": "+0.02 via commercial_pot_ratio",
        "top_negative_driver": "-4.99 via built_environment_index"
      }
    },
    {
      "type": "Feature",
      "geometry": {
        "type": "Polygon",
        "coordinates": [
          [
            [
              107.55857997264052,
              -6.9310355769145335
            ],
            [
              107.55817069030083,
              -6.929320018792287
            ],
            [
              107.5564096519212,
              -6.928895092436973
            ],
            [
              107.55505789970394,
              -6.9301857519989625
            ],
            [
              107.55546720728005,
              -6.93190131485515
            ],
            [
              107.55722824183744,
              -6.932326213416064
            ],
            [
              107.55857997264052,
              -6.9310355769145335
            ]
          ]
        ]
      },
      "properties": {
        "h3_cell": "898c146a4cbffff",
        "centroid_lat": -6.93061,
        "centroid_lon": 107.55682,
        "dist_to_transit_km": 4.341,
        "nearest_transit_hub": "Stasiun Ciroyom",
        "transit_accessibility_score": 3.1,
        "prop_count": 2,
        "ruko_count": 2,
        "sewa_count": 0,
        "struk_count": 0,
        "act_count": 0,
        "potential_score": 5.0,
        "risk_index": 40.0,
        "recommendation": "Zona Penyangga Sekunder: Perdagangan Lokal / Jasa",
        "top_positive_driver": "+0.02 via spatial_lag_prop_k2",
        "top_negative_driver": "-4.92 via built_environment_index"
      }
    },
    {
      "type": "Feature",
      "geometry": {
        "type": "Polygon",
        "coordinates": [
          [
            [
              107.61686128745598,
              -6.890124188756883
            ],
            [
              107.61645244546776,
              -6.888408231508049
            ],
            [
              107.61469199536874,
              -6.887983162888407
            ],
            [
              107.61334039101544,
              -6.889274079394297
            ],
            [
              107.61374925827442,
              -6.890990041483875
            ],
            [
              107.61550970461639,
              -6.891415082227478
            ],
            [
              107.61686128745598,
              -6.890124188756883
            ]
          ]
        ]
      },
      "properties": {
        "h3_cell": "898c16b6d77ffff",
        "centroid_lat": -6.8897,
        "centroid_lon": 107.6151,
        "dist_to_transit_km": 2.907,
        "nearest_transit_hub": "Stasiun Bandung (Hall)",
        "transit_accessibility_score": 9.77,
        "prop_count": 2,
        "ruko_count": 0,
        "sewa_count": 2,
        "struk_count": 0,
        "act_count": 0,
        "potential_score": 4.190000057220459,
        "risk_index": 29.07,
        "recommendation": "Zona Penyangga Sekunder: Perdagangan Lokal / Jasa",
        "top_positive_driver": "+0.01 via spatial_lag_prop_k2",
        "top_negative_driver": "-5.81 via built_environment_index"
      }
    },
    {
      "type": "Feature",
      "geometry": {
        "type": "Polygon",
        "coordinates": [
          [
            [
              107.63280165615367,
              -6.957017782265075
            ],
            [
              107.63239303758813,
              -6.955303262506674
            ],
            [
              107.6306331919584,
              -6.954879006775745
            ],
            [
              107.62928196863199,
              -6.956169298683175
            ],
            [
              107.62969061246494,
              -6.957883823256053
            ],
            [
              107.63145045435733,
              -6.958308051107676
            ],
            [
              107.63280165615367,
              -6.957017782265075
            ]
          ]
        ]
      },
      "properties": {
        "h3_cell": "898c147866fffff",
        "centroid_lat": -6.95659,
        "centroid_lon": 107.63104,
        "dist_to_transit_km": 3.905,
        "nearest_transit_hub": "Stasiun Kiaracondong",
        "transit_accessibility_score": 4.4,
        "prop_count": 2,
        "ruko_count": 0,
        "sewa_count": 0,
        "struk_count": 0,
        "act_count": 0,
        "potential_score": 3.609999895095825,
        "risk_index": 39.05,
        "recommendation": "Zona Penyangga Sekunder: Perdagangan Lokal / Jasa",
        "top_positive_driver": "+0.03 via spatial_lag_prop_k2",
        "top_negative_driver": "-6.07 via built_environment_index"
      }
    },
    {
      "type": "Feature",
      "geometry": {
        "type": "Polygon",
        "coordinates": [
          [
            [
              107.5943282896457,
              -6.934809930877761
            ],
            [
              107.59391931535994,
              -6.933094699204518
            ],
            [
              107.59215880117188,
              -6.932670000301273
            ],
            [
              107.59080726505152,
              -6.933960560909383
            ],
            [
              107.59121626459009,
              -6.935675797361587
            ],
            [
              107.59297677499661,
              -6.936100468427372
            ],
            [
              107.5943282896457,
              -6.934809930877761
            ]
          ]
        ]
      },
      "properties": {
        "h3_cell": "898c1479d5bffff",
        "centroid_lat": -6.93439,
        "centroid_lon": 107.59257,
        "dist_to_transit_km": 1.337,
        "nearest_transit_hub": "Terminal Leuwipanjang",
        "transit_accessibility_score": 34.31,
        "prop_count": 1,
        "ruko_count": 0,
        "sewa_count": 0,
        "struk_count": 0,
        "act_count": 0,
        "potential_score": 15.460000038146973,
        "risk_index": 13.37,
        "recommendation": "Zona Penyangga Sekunder: Perdagangan Lokal / Jasa",
        "top_positive_driver": "+2.98 via built_environment_index",
        "top_negative_driver": "-0.64 via human_activity_index"
      }
    },
    {
      "type": "Feature",
      "geometry": {
        "type": "Polygon",
        "coordinates": [
          [
            [
              107.62290128793255,
              -6.943317762731771
            ],
            [
              107.62249256728381,
              -6.941602901318641
            ],
            [
              107.62073250416641,
              -6.9411784443065105
            ],
            [
              107.61938116544708,
              -6.942468876578676
            ],
            [
              107.61978991136078,
              -6.944183742802833
            ],
            [
              107.62154997072928,
              -6.944608171944456
            ],
            [
              107.62290128793255,
              -6.943317762731771
            ]
          ]
        ]
      },
      "properties": {
        "h3_cell": "898c147827bffff",
        "centroid_lat": -6.94289,
        "centroid_lon": 107.62114,
        "dist_to_transit_km": 2.445,
        "nearest_transit_hub": "Stasiun Cikudapateuh",
        "transit_accessibility_score": 14.14,
        "prop_count": 1,
        "ruko_count": 0,
        "sewa_count": 0,
        "struk_count": 0,
        "act_count": 0,
        "potential_score": 6.369999885559082,
        "risk_index": 24.45,
        "recommendation": "Zona Penyangga Sekunder: Perdagangan Lokal / Jasa",
        "top_positive_driver": "+0.03 via spatial_lag_prop_k2",
        "top_negative_driver": "-3.96 via built_environment_index"
      }
    },
    {
      "type": "Feature",
      "geometry": {
        "type": "Polygon",
        "coordinates": [
          [
            [
              107.62167510880172,
              -6.938173067849843
            ],
            [
              107.62126637096823,
              -6.936458095798451
            ],
            [
              107.61950626136002,
              -6.936033576248755
            ],
            [
              107.61815489333611,
              -6.937324056621366
            ],
            [
              107.61856365643483,
              -6.9390390334858045
            ],
            [
              107.62032376229263,
              -6.939463525165222
            ],
            [
              107.62167510880172,
              -6.938173067849843
            ]
          ]
        ]
      },
      "properties": {
        "h3_cell": "898c14791a7ffff",
        "centroid_lat": -6.93775,
        "centroid_lon": 107.61992,
        "dist_to_transit_km": 1.923,
        "nearest_transit_hub": "Stasiun Cikudapateuh",
        "transit_accessibility_score": 21.47,
        "prop_count": 8,
        "ruko_count": 4,
        "sewa_count": 6,
        "struk_count": 0,
        "act_count": 0,
        "potential_score": 15.5,
        "risk_index": 19.23,
        "recommendation": "Koridor Komersial: Coworking Space / Kantor Cabang / Bank",
        "top_positive_driver": "+4.08 via built_environment_index",
        "top_negative_driver": "-0.61 via human_activity_index"
      }
    },
    {
      "type": "Feature",
      "geometry": {
        "type": "Polygon",
        "coordinates": [
          [
            [
              107.57131554082959,
              -6.935724905011205
            ],
            [
              107.5709063726175,
              -6.934009529374748
            ],
            [
              107.56914553981392,
              -6.933584720433321
            ],
            [
              107.56779387903049,
              -6.934875314937951
            ],
            [
              107.5682030724843,
              -6.936590695322025
            ],
            [
              107.56996390148024,
              -6.9370154764545156
            ],
            [
              107.57131554082959,
              -6.935724905011205
            ]
          ]
        ]
      },
      "properties": {
        "h3_cell": "898c1479987ffff",
        "centroid_lat": -6.9353,
        "centroid_lon": 107.56955,
        "dist_to_transit_km": 2.983,
        "nearest_transit_hub": "Terminal Leuwipanjang",
        "transit_accessibility_score": 9.2,
        "prop_count": 6,
        "ruko_count": 0,
        "sewa_count": 1,
        "struk_count": 0,
        "act_count": 0,
        "potential_score": 7.409999847412109,
        "risk_index": 29.83,
        "recommendation": "Zona Penyangga Sekunder: Perdagangan Lokal / Jasa",
        "top_positive_driver": "+0.06 via transit_x_comm",
        "top_negative_driver": "-3.16 via built_environment_index"
      }
    },
    {
      "type": "Feature",
      "geometry": {
        "type": "Polygon",
        "coordinates": [
          [
            [
              107.63383713810782,
              -6.926558547194991
            ],
            [
              107.63342848821107,
              -6.924843430953696
            ],
            [
              107.63166848440507,
              -6.9244188481122695
            ],
            [
              107.63031713423318,
              -6.925709409400835
            ],
            [
              107.63072580940279,
              -6.92742453047964
            ],
            [
              107.63248580947187,
              -6.927849085433013
            ],
            [
              107.63383713810782,
              -6.926558547194991
            ]
          ]
        ]
      },
      "properties": {
        "h3_cell": "898c1479157ffff",
        "centroid_lat": -6.92613,
        "centroid_lon": 107.63208,
        "dist_to_transit_km": 0.921,
        "nearest_transit_hub": "Stasiun Cikudapateuh",
        "transit_accessibility_score": 47.86,
        "prop_count": 2,
        "ruko_count": 2,
        "sewa_count": 0,
        "struk_count": 0,
        "act_count": 0,
        "potential_score": 20.780000686645508,
        "risk_index": 9.21,
        "recommendation": "Zona Penyangga Sekunder: Perdagangan Lokal / Jasa",
        "top_positive_driver": "+8.27 via built_environment_index",
        "top_negative_driver": "-0.58 via human_activity_index"
      }
    },
    {
      "type": "Feature",
      "geometry": {
        "type": "Polygon",
        "coordinates": [
          [
            [
              107.62110788911927,
              -6.921871061038863
            ],
            [
              107.6206991249949,
              -6.920155762012458
            ],
            [
              107.61893891489883,
              -6.9197310616623
            ],
            [
              107.61758747267906,
              -6.921021688212753
            ],
            [
              107.61799626207105,
              -6.9227369920630135
            ],
            [
              107.61975646841564,
              -6.923161664539622
            ],
            [
              107.62110788911927,
              -6.921871061038863
            ]
          ]
        ]
      },
      "properties": {
        "h3_cell": "898c1479e9bffff",
        "centroid_lat": -6.92145,
        "centroid_lon": 107.61935,
        "dist_to_transit_km": 0.657,
        "nearest_transit_hub": "Stasiun Cikudapateuh",
        "transit_accessibility_score": 59.12,
        "prop_count": 2,
        "ruko_count": 1,
        "sewa_count": 1,
        "struk_count": 0,
        "act_count": 0,
        "potential_score": 23.420000076293945,
        "risk_index": 6.57,
        "recommendation": "Zona Penyangga Sekunder: Perdagangan Lokal / Jasa",
        "top_positive_driver": "+9.56 via built_environment_index",
        "top_negative_driver": "-0.53 via human_activity_index"
      }
    },
    {
      "type": "Feature",
      "geometry": {
        "type": "Polygon",
        "coordinates": [
          [
            [
              107.58998924878539,
              -6.930529977402234
            ],
            [
              107.58958023205764,
              -6.928814630351591
            ],
            [
              107.58781963248964,
              -6.928389862189934
            ],
            [
              107.58646805343638,
              -6.929680468912742
            ],
            [
              107.58687709541556,
              -6.931395820739608
            ],
            [
              107.588637691197,
              -6.931820561068088
            ],
            [
              107.58998924878539,
              -6.930529977402234
            ]
          ]
        ]
      },
      "properties": {
        "h3_cell": "898c14798b3ffff",
        "centroid_lat": -6.93011,
        "centroid_lon": 107.58823,
        "dist_to_transit_km": 1.83,
        "nearest_transit_hub": "Stasiun Ciroyom",
        "transit_accessibility_score": 23.13,
        "prop_count": 1,
        "ruko_count": 0,
        "sewa_count": 0,
        "struk_count": 0,
        "act_count": 0,
        "potential_score": 10.260000228881836,
        "risk_index": 18.3,
        "recommendation": "Zona Penyangga Sekunder: Perdagangan Lokal / Jasa",
        "top_positive_driver": "+0.18 via norm_transit",
        "top_negative_driver": "-1.22 via built_environment_index"
      }
    },
    {
      "type": "Feature",
      "geometry": {
        "type": "Polygon",
        "coordinates": [
          [
            [
              107.61893891489883,
              -6.9197310616623
            ],
            [
              107.61853012954681,
              -6.918015704940989
            ],
            [
              107.61676987670766,
              -6.917590969946972
            ],
            [
              107.61541841297493,
              -6.918881619546349
            ],
            [
              107.61582722359388,
              -6.920596981090159
            ],
            [
              107.61758747267906,
              -6.921021688212753
            ],
            [
              107.61893891489883,
              -6.9197310616623
            ]
          ]
        ]
      },
      "properties": {
        "h3_cell": "898c1479e8bffff",
        "centroid_lat": -6.91931,
        "centroid_lon": 107.61718,
        "dist_to_transit_km": 0.923,
        "nearest_transit_hub": "Stasiun Cikudapateuh",
        "transit_accessibility_score": 47.79,
        "prop_count": 3,
        "ruko_count": 0,
        "sewa_count": 2,
        "struk_count": 0,
        "act_count": 0,
        "potential_score": 20.959999084472656,
        "risk_index": 9.23,
        "recommendation": "Zona Penyangga Sekunder: Perdagangan Lokal / Jasa",
        "top_positive_driver": "+8.56 via built_environment_index",
        "top_negative_driver": "-0.57 via human_activity_index"
      }
    },
    {
      "type": "Feature",
      "geometry": {
        "type": "Polygon",
        "coordinates": [
          [
            [
              107.42932957047918,
              -6.862611001484783
            ],
            [
              107.42891910406286,
              -6.860893186310577
            ],
            [
              107.42715587038892,
              -6.860466847416141
            ],
            [
              107.42580310710257,
              -6.861758351347719
            ],
            [
              107.42621359870432,
              -6.863476171131097
            ],
            [
              107.42797682840742,
              -6.8639024823743755
            ],
            [
              107.42932957047918,
              -6.862611001484783
            ]
          ]
        ]
      },
      "properties": {
        "h3_cell": "898c146897bffff",
        "centroid_lat": -6.86218,
        "centroid_lon": 107.42757,
        "dist_to_transit_km": 6.116,
        "nearest_transit_hub": "Stasiun Padalarang",
        "transit_accessibility_score": 0.75,
        "prop_count": 0,
        "ruko_count": 0,
        "sewa_count": 0,
        "struk_count": 0,
        "act_count": 1,
        "potential_score": 7.679999828338623,
        "risk_index": 40.0,
        "recommendation": "Zona Penyangga Sekunder: Perdagangan Lokal / Jasa",
        "top_positive_driver": "+3.88 via human_activity_index",
        "top_negative_driver": "-6.87 via built_environment_index"
      }
    },
    {
      "type": "Feature",
      "geometry": {
        "type": "Polygon",
        "coordinates": [
          [
            [
              107.70189275254423,
              -6.926809425199072
            ],
            [
              107.70148468121981,
              -6.92509479621536
            ],
            [
              107.6997256423973,
              -6.924670571244071
            ],
            [
              107.69837467855932,
              -6.925961003228656
            ],
            [
              107.69878277518862,
              -6.927675637140346
            ],
            [
              107.70054181035145,
              -6.928099834140126
            ],
            [
              107.70189275254423,
              -6.926809425199072
            ]
          ]
        ]
      },
      "properties": {
        "h3_cell": "898c144c823ffff",
        "centroid_lat": -6.92639,
        "centroid_lon": 107.70013,
        "dist_to_transit_km": 2.185,
        "nearest_transit_hub": "Stasiun Cimekar",
        "transit_accessibility_score": 17.41,
        "prop_count": 1,
        "ruko_count": 1,
        "sewa_count": 1,
        "struk_count": 0,
        "act_count": 0,
        "potential_score": 8.0600004196167,
        "risk_index": 21.85,
        "recommendation": "Zona Penyangga Sekunder: Perdagangan Lokal / Jasa",
        "top_positive_driver": "+0.06 via transit_x_comm",
        "top_negative_driver": "-2.66 via built_environment_index"
      }
    },
    {
      "type": "Feature",
      "geometry": {
        "type": "Polygon",
        "coordinates": [
          [
            [
              107.61752027767298,
              -6.878962060800785
            ],
            [
              107.61711142657428,
              -6.877245887539589
            ],
            [
              107.6153509224583,
              -6.876820700679364
            ],
            [
              107.61399927319803,
              -6.878111714960554
            ],
            [
              107.6144081495696,
              -6.879827893071312
            ],
            [
              107.61616864992902,
              -6.880253052051978
            ],
            [
              107.61752027767298,
              -6.878962060800785
            ]
          ]
        ]
      },
      "properties": {
        "h3_cell": "898c16b69dbffff",
        "centroid_lat": -6.87854,
        "centroid_lon": 107.61576,
        "dist_to_transit_km": 3.278,
        "nearest_transit_hub": "Terminal Ledeng",
        "transit_accessibility_score": 7.26,
        "prop_count": 5,
        "ruko_count": 3,
        "sewa_count": 2,
        "struk_count": 0,
        "act_count": 0,
        "potential_score": 10.630000114440918,
        "risk_index": 32.78,
        "recommendation": "Koridor Komersial: Coworking Space / Kantor Cabang / Bank",
        "top_positive_driver": "+0.19 via commercial_activity_synergy",
        "top_negative_driver": "-0.82 via norm_transit"
      }
    },
    {
      "type": "Feature",
      "geometry": {
        "type": "Polygon",
        "coordinates": [
          [
            [
              107.63591264706577,
              -6.9561517324615485
            ],
            [
              107.63550405376924,
              -6.954437217522399
            ],
            [
              107.63374424716329,
              -6.954012968602959
            ],
            [
              107.63239303758813,
              -6.955303262506674
            ],
            [
              107.63280165615367,
              -6.957017782265075
            ],
            [
              107.63456145902579,
              -6.957442003301164
            ],
            [
              107.63591264706577,
              -6.9561517324615485
            ]
          ]
        ]
      },
      "properties": {
        "h3_cell": "898c147866bffff",
        "centroid_lat": -6.95573,
        "centroid_lon": 107.63415,
        "dist_to_transit_km": 3.679,
        "nearest_transit_hub": "Stasiun Kiaracondong",
        "transit_accessibility_score": 5.27,
        "prop_count": 1,
        "ruko_count": 1,
        "sewa_count": 1,
        "struk_count": 0,
        "act_count": 0,
        "potential_score": 5.239999771118164,
        "risk_index": 36.79,
        "recommendation": "Zona Penyangga Sekunder: Perdagangan Lokal / Jasa",
        "top_positive_driver": "+0.01 via spatial_lag_ruko_k2",
        "top_negative_driver": "-4.67 via built_environment_index"
      }
    },
    {
      "type": "Feature",
      "geometry": {
        "type": "Polygon",
        "coordinates": [
          [
            [
              107.62723866355499,
              -6.947596122358985
            ],
            [
              107.62682998535661,
              -6.945881376417172
            ],
            [
              107.62507000772989,
              -6.945456988752339
            ],
            [
              107.62371871204584,
              -6.94674737490477
            ],
            [
              107.62412741551056,
              -6.948462125660333
            ],
            [
              107.62588738939341,
              -6.9488864854503785
            ],
            [
              107.62723866355499,
              -6.947596122358985
            ]
          ]
        ]
      },
      "properties": {
        "h3_cell": "898c1478257ffff",
        "centroid_lat": -6.94717,
        "centroid_lon": 107.62548,
        "dist_to_transit_km": 2.877,
        "nearest_transit_hub": "Stasiun Cikudapateuh",
        "transit_accessibility_score": 10.01,
        "prop_count": 2,
        "ruko_count": 0,
        "sewa_count": 0,
        "struk_count": 0,
        "act_count": 0,
        "potential_score": 3.630000114440918,
        "risk_index": 28.77,
        "recommendation": "Zona Penyangga Sekunder: Perdagangan Lokal / Jasa",
        "top_positive_driver": "+0.02 via spatial_lag_ruko_k2",
        "top_negative_driver": "-6.26 via built_environment_index"
      }
    },
    {
      "type": "Feature",
      "geometry": {
        "type": "Polygon",
        "coordinates": [
          [
            [
              107.56811594986345,
              -6.96404867170195
            ],
            [
              107.56770679188132,
              -6.962333835112615
            ],
            [
              107.56594607483677,
              -6.961909317857284
            ],
            [
              107.56459451958537,
              -6.963199664990045
            ],
            [
              107.56500370280307,
              -6.96491450630269
            ],
            [
              107.56676441603703,
              -6.965338995759921
            ],
            [
              107.56811594986345,
              -6.96404867170195
            ]
          ]
        ]
      },
      "properties": {
        "h3_cell": "898c1478e27ffff",
        "centroid_lat": -6.96362,
        "centroid_lon": 107.56636,
        "dist_to_transit_km": 3.627,
        "nearest_transit_hub": "Terminal Leuwipanjang",
        "transit_accessibility_score": 5.49,
        "prop_count": 0,
        "ruko_count": 0,
        "sewa_count": 0,
        "struk_count": 1,
        "act_count": 0,
        "potential_score": 11.850000381469727,
        "risk_index": 36.27,
        "recommendation": "Zona Penyangga Sekunder: Perdagangan Lokal / Jasa",
        "top_positive_driver": "+3.86 via human_activity_index",
        "top_negative_driver": "-5.93 via built_environment_index"
      }
    },
    {
      "type": "Feature",
      "geometry": {
        "type": "Polygon",
        "coordinates": [
          [
            [
              107.59649771420348,
              -6.936949769122451
            ],
            [
              107.59608876113886,
              -6.93523459514544
            ],
            [
              107.5943282896457,
              -6.934809930877761
            ],
            [
              107.59297677499661,
              -6.936100468427372
            ],
            [
              107.5933857533147,
              -6.937815647184724
            ],
            [
              107.59514622102884,
              -6.9382402836127754
            ],
            [
              107.59649771420348,
              -6.936949769122451
            ]
          ]
        ]
      },
      "properties": {
        "h3_cell": "898c1479c27ffff",
        "centroid_lat": -6.93653,
        "centroid_lon": 107.59474,
        "dist_to_transit_km": 1.089,
        "nearest_transit_hub": "Terminal Leuwipanjang",
        "transit_accessibility_score": 41.84,
        "prop_count": 4,
        "ruko_count": 1,
        "sewa_count": 1,
        "struk_count": 0,
        "act_count": 0,
        "potential_score": 19.670000076293945,
        "risk_index": 10.89,
        "recommendation": "Kawasan Transit Residensial: Kos Pekerja / Hunian Komuter",
        "top_positive_driver": "+7.88 via built_environment_index",
        "top_negative_driver": "-0.59 via human_activity_index"
      }
    },
    {
      "type": "Feature",
      "geometry": {
        "type": "Polygon",
        "coordinates": [
          [
            [
              107.57659782976788,
              -6.9369991865692135
            ],
            [
              107.57618870801666,
              -6.935283873364443
            ],
            [
              107.57442795672158,
              -6.934859105841033
            ],
            [
              107.57307633097977,
              -6.9361496793381825
            ],
            [
              107.57348547797501,
              -6.9378649972967095
            ],
            [
              107.57524622546846,
              -6.938289737004992
            ],
            [
              107.57659782976788,
              -6.9369991865692135
            ]
          ]
        ]
      },
      "properties": {
        "h3_cell": "898c1479993ffff",
        "centroid_lat": -6.93657,
        "centroid_lon": 107.57484,
        "dist_to_transit_km": 2.395,
        "nearest_transit_hub": "Terminal Leuwipanjang",
        "transit_accessibility_score": 14.72,
        "prop_count": 4,
        "ruko_count": 0,
        "sewa_count": 0,
        "struk_count": 0,
        "act_count": 0,
        "potential_score": 8.020000457763672,
        "risk_index": 23.95,
        "recommendation": "Zona Penyangga Sekunder: Perdagangan Lokal / Jasa",
        "top_positive_driver": "+0.07 via transit_x_comm",
        "top_negative_driver": "-2.66 via built_environment_index"
      }
    },
    {
      "type": "Feature",
      "geometry": {
        "type": "Polygon",
        "coordinates": [
          [
            [
              107.59272764095779,
              -6.9489718431908996
            ],
            [
              107.59231867176362,
              -6.9472568809341375
            ],
            [
              107.59055821539258,
              -6.946832328013591
            ],
            [
              107.58920673199918,
              -6.9481227651825135
            ],
            [
              107.5896157264431,
              -6.94983773220607
            ],
            [
              107.59137617903112,
              -6.950262257294563
            ],
            [
              107.59272764095779,
              -6.9489718431908996
            ]
          ]
        ]
      },
      "properties": {
        "h3_cell": "898c1479d9bffff",
        "centroid_lat": -6.94855,
        "centroid_lon": 107.59097,
        "dist_to_transit_km": 0.436,
        "nearest_transit_hub": "Terminal Leuwipanjang",
        "transit_accessibility_score": 70.55,
        "prop_count": 6,
        "ruko_count": 0,
        "sewa_count": 0,
        "struk_count": 0,
        "act_count": 0,
        "potential_score": 28.959999084472656,
        "risk_index": 4.36,
        "recommendation": "Kawasan Transit Residensial: Kos Pekerja / Hunian Komuter",
        "top_positive_driver": "+14.40 via built_environment_index",
        "top_negative_driver": "-0.39 via human_activity_index"
      }
    },
    {
      "type": "Feature",
      "geometry": {
        "type": "Polygon",
        "coordinates": [
          [
            [
              107.58564995228802,
              -6.926249654673639
            ],
            [
              107.5852408931187,
              -6.924534192265681
            ],
            [
              107.58348020818396,
              -6.924109354862614
            ],
            [
              107.58212858621059,
              -6.9254000076970526
            ],
            [
              107.58253767062997,
              -6.927115474878472
            ],
            [
              107.58429835177311,
              -6.9275402844526495
            ],
            [
              107.58564995228802,
              -6.926249654673639
            ]
          ]
        ]
      },
      "properties": {
        "h3_cell": "898c14798afffff",
        "centroid_lat": -6.92582,
        "centroid_lon": 107.58389,
        "dist_to_transit_km": 1.604,
        "nearest_transit_hub": "Stasiun Ciroyom",
        "transit_accessibility_score": 27.71,
        "prop_count": 2,
        "ruko_count": 1,
        "sewa_count": 1,
        "struk_count": 0,
        "act_count": 0,
        "potential_score": 13.720000267028809,
        "risk_index": 16.04,
        "recommendation": "Zona Penyangga Sekunder: Perdagangan Lokal / Jasa",
        "top_positive_driver": "+1.75 via built_environment_index",
        "top_negative_driver": "-0.66 via human_activity_index"
      }
    },
    {
      "type": "Feature",
      "geometry": {
        "type": "Polygon",
        "coordinates": [
          [
            [
              107.57282798681146,
              -6.949021961029155
            ],
            [
              107.57241884895407,
              -6.947306859583247
            ],
            [
              107.5706581128715,
              -6.9468822033090225
            ],
            [
              107.56930651845232,
              -6.948172676288925
            ],
            [
              107.56971568155,
              -6.949887782475062
            ],
            [
              107.57147641382699,
              -6.950312410941725
            ],
            [
              107.57282798681146,
              -6.949021961029155
            ]
          ]
        ]
      },
      "properties": {
        "h3_cell": "898c1478ac3ffff",
        "centroid_lat": -6.9486,
        "centroid_lon": 107.57107,
        "dist_to_transit_km": 2.566,
        "nearest_transit_hub": "Terminal Leuwipanjang",
        "transit_accessibility_score": 12.84,
        "prop_count": 5,
        "ruko_count": 0,
        "sewa_count": 1,
        "struk_count": 0,
        "act_count": 0,
        "potential_score": 5.920000076293945,
        "risk_index": 25.66,
        "recommendation": "Zona Penyangga Sekunder: Perdagangan Lokal / Jasa",
        "top_positive_driver": "+0.00 via spatial_lag_prop_k2",
        "top_negative_driver": "-4.32 via built_environment_index"
      }
    },
    {
      "type": "Feature",
      "geometry": {
        "type": "Polygon",
        "coordinates": [
          [
            [
              107.67494032766938,
              -6.904143029486425
            ],
            [
              107.67453199739751,
              -6.902427760384678
            ],
            [
              107.67277244785004,
              -6.902003146926135
            ],
            [
              107.67142123226564,
              -6.90329383051399
            ],
            [
              107.67182958783341,
              -6.9050091045239865
            ],
            [
              107.6735891336901,
              -6.905433690038531
            ],
            [
              107.67494032766938,
              -6.904143029486425
            ]
          ]
        ]
      },
      "properties": {
        "h3_cell": "898c16b65a3ffff",
        "centroid_lat": -6.90372,
        "centroid_lon": 107.67318,
        "dist_to_transit_km": 1.748,
        "nearest_transit_hub": "Terminal Cicaheum",
        "transit_accessibility_score": 24.7,
        "prop_count": 2,
        "ruko_count": 0,
        "sewa_count": 1,
        "struk_count": 0,
        "act_count": 0,
        "potential_score": 9.210000038146973,
        "risk_index": 17.48,
        "recommendation": "Zona Penyangga Sekunder: Perdagangan Lokal / Jasa",
        "top_positive_driver": "+0.30 via norm_transit",
        "top_negative_driver": "-2.18 via built_environment_index"
      }
    },
    {
      "type": "Feature",
      "geometry": {
        "type": "Polygon",
        "coordinates": [
          [
            [
              107.70923705737047,
              -6.957666439512338
            ],
            [
              107.70882908909606,
              -6.955952474573906
            ],
            [
              107.70707032954003,
              -6.9555286259242415
            ],
            [
              107.70571954190945,
              -6.956818770186527
            ],
            [
              107.70612753548713,
              -6.958532740040679
            ],
            [
              107.70788629139253,
              -6.958956560717479
            ],
            [
              107.70923705737047,
              -6.957666439512338
            ]
          ]
        ]
      },
      "properties": {
        "h3_cell": "898c144cd93ffff",
        "centroid_lat": -6.95724,
        "centroid_lon": 107.70748,
        "dist_to_transit_km": 1.214,
        "nearest_transit_hub": "Stasiun Kereta Cepat Tegalluar",
        "transit_accessibility_score": 37.86,
        "prop_count": 1,
        "ruko_count": 0,
        "sewa_count": 0,
        "struk_count": 0,
        "act_count": 0,
        "potential_score": 13.220000267028809,
        "risk_index": 12.14,
        "recommendation": "Zona Penyangga Sekunder: Perdagangan Lokal / Jasa",
        "top_positive_driver": "+1.12 via norm_transit",
        "top_negative_driver": "-0.64 via human_activity_index"
      }
    },
    {
      "type": "Feature",
      "geometry": {
        "type": "Polygon",
        "coordinates": [
          [
            [
              107.62054060749664,
              -6.905566146933785
            ],
            [
              107.62013181707815,
              -6.903850521123312
            ],
            [
              107.61837150648316,
              -6.903425639993719
            ],
            [
              107.61701999005962,
              -6.904716412552061
            ],
            [
              107.61742880574812,
              -6.906432043197218
            ],
            [
              107.61918911259059,
              -6.906856896449985
            ],
            [
              107.62054060749664,
              -6.905566146933785
            ]
          ]
        ]
      },
      "properties": {
        "h3_cell": "898c1479e4bffff",
        "centroid_lat": -6.90514,
        "centroid_lon": 107.61878,
        "dist_to_transit_km": 1.936,
        "nearest_transit_hub": "Stasiun Cikudapateuh",
        "transit_accessibility_score": 21.25,
        "prop_count": 6,
        "ruko_count": 1,
        "sewa_count": 0,
        "struk_count": 0,
        "act_count": 0,
        "potential_score": 10.170000076293945,
        "risk_index": 19.36,
        "recommendation": "Zona Penyangga Sekunder: Perdagangan Lokal / Jasa",
        "top_positive_driver": "+0.17 via norm_transit",
        "top_negative_driver": "-1.24 via built_environment_index"
      }
    },
    {
      "type": "Feature",
      "geometry": {
        "type": "Polygon",
        "coordinates": [
          [
            [
              107.58225294982287,
              -6.9189626840679965
            ],
            [
              107.58184385224156,
              -6.917247053435843
            ],
            [
              107.58008307815763,
              -6.916822118981928
            ],
            [
              107.57873140545108,
              -6.918112842987301
            ],
            [
              107.57914052828203,
              -6.919828478393547
            ],
            [
              107.58090129857031,
              -6.920253385020988
            ],
            [
              107.58225294982287,
              -6.9189626840679965
            ]
          ]
        ]
      },
      "properties": {
        "h3_cell": "898c147982fffff",
        "centroid_lat": -6.91854,
        "centroid_lon": 107.58049,
        "dist_to_transit_km": 1.411,
        "nearest_transit_hub": "Stasiun Ciroyom",
        "transit_accessibility_score": 32.34,
        "prop_count": 3,
        "ruko_count": 0,
        "sewa_count": 1,
        "struk_count": 0,
        "act_count": 1,
        "potential_score": 23.780000686645508,
        "risk_index": 14.11,
        "recommendation": "Zona Penyangga Sekunder: Perdagangan Lokal / Jasa",
        "top_positive_driver": "+5.42 via built_environment_index",
        "top_negative_driver": "-0.16 via spatial_synergy_index"
      }
    },
    {
      "type": "Feature",
      "geometry": {
        "type": "Polygon",
        "coordinates": [
          [
            [
              107.69990833222919,
              -6.9602653150498295
            ],
            [
              107.69950028804979,
              -6.958551335378497
            ],
            [
              107.69774141080974,
              -6.958127466343155
            ],
            [
              107.69639058141065,
              -6.959417604940585
            ],
            [
              107.69679865088852,
              -6.961131589513372
            ],
            [
              107.69855752446743,
              -6.961555430587928
            ],
            [
              107.69990833222919,
              -6.9602653150498295
            ]
          ]
        ]
      },
      "properties": {
        "h3_cell": "898c147b64fffff",
        "centroid_lat": -6.95984,
        "centroid_lon": 107.69815,
        "dist_to_transit_km": 1.658,
        "nearest_transit_hub": "Stasiun Cimekar",
        "transit_accessibility_score": 26.54,
        "prop_count": 1,
        "ruko_count": 1,
        "sewa_count": 1,
        "struk_count": 0,
        "act_count": 0,
        "potential_score": 12.15999984741211,
        "risk_index": 16.58,
        "recommendation": "Zona Penyangga Sekunder: Perdagangan Lokal / Jasa",
        "top_positive_driver": "+0.44 via built_environment_index",
        "top_negative_driver": "-0.67 via human_activity_index"
      }
    },
    {
      "type": "Feature",
      "geometry": {
        "type": "Polygon",
        "coordinates": [
          [
            [
              107.56066376078924,
              -6.9606356831424225
            ],
            [
              107.56025453514843,
              -6.958920726413453
            ],
            [
              107.55849369402218,
              -6.9584961330548865
            ],
            [
              107.5571420823563,
              -6.9597865242156995
            ],
            [
              107.5575513332297,
              -6.961501485660455
            ],
            [
              107.5593121705368,
              -6.961926051229261
            ],
            [
              107.56066376078924,
              -6.9606356831424225
            ]
          ]
        ]
      },
      "properties": {
        "h3_cell": "898c147884fffff",
        "centroid_lat": -6.96021,
        "centroid_lon": 107.5589,
        "dist_to_transit_km": 4.192,
        "nearest_transit_hub": "Terminal Leuwipanjang",
        "transit_accessibility_score": 3.5,
        "prop_count": 0,
        "ruko_count": 0,
        "sewa_count": 0,
        "struk_count": 1,
        "act_count": 0,
        "potential_score": 11.279999732971191,
        "risk_index": 40.0,
        "recommendation": "Zona Penyangga Sekunder: Perdagangan Lokal / Jasa",
        "top_positive_driver": "+4.07 via human_activity_index",
        "top_negative_driver": "-6.31 via built_environment_index"
      }
    },
    {
      "type": "Feature",
      "geometry": {
        "type": "Polygon",
        "coordinates": [
          [
            [
              107.55066957543475,
              -6.974387917780932
            ],
            [
              107.55026028325291,
              -6.9726731636482056
            ],
            [
              107.54849937984163,
              -6.972248667727743
            ],
            [
              107.54714777244277,
              -6.97353895371477
            ],
            [
              107.54755708985022,
              -6.975253712540241
            ],
            [
              107.54931798943133,
              -6.975678180686604
            ],
            [
              107.55066957543475,
              -6.974387917780932
            ]
          ]
        ]
      },
      "properties": {
        "h3_cell": "898c14788afffff",
        "centroid_lat": -6.97396,
        "centroid_lon": 107.54891,
        "dist_to_transit_km": 5.87,
        "nearest_transit_hub": "Terminal Leuwipanjang",
        "transit_accessibility_score": 0.91,
        "prop_count": 0,
        "ruko_count": 0,
        "sewa_count": 0,
        "struk_count": 2,
        "act_count": 0,
        "potential_score": 20.489999771118164,
        "risk_index": 40.0,
        "recommendation": "Zona Penyangga Sekunder: Perdagangan Lokal / Jasa",
        "top_positive_driver": "+7.97 via human_activity_index",
        "top_negative_driver": "-4.90 via built_environment_index"
      }
    },
    {
      "type": "Feature",
      "geometry": {
        "type": "Polygon",
        "coordinates": [
          [
            [
              107.60215317936549,
              -6.918914318522212
            ],
            [
              107.60174425050587,
              -6.917198827175719
            ],
            [
              107.59998375635944,
              -6.916773995830577
            ],
            [
              107.59863219484608,
              -6.918064683683551
            ],
            [
              107.59904114896479,
              -6.91978017983073
            ],
            [
              107.60080163933819,
              -6.920204983324893
            ],
            [
              107.60215317936549,
              -6.918914318522212
            ]
          ]
        ]
      },
      "properties": {
        "h3_cell": "898c14798cbffff",
        "centroid_lat": -6.91849,
        "centroid_lon": 107.60039,
        "dist_to_transit_km": 0.691,
        "nearest_transit_hub": "Stasiun Bandung (Hall)",
        "transit_accessibility_score": 57.53,
        "prop_count": 1,
        "ruko_count": 0,
        "sewa_count": 0,
        "struk_count": 0,
        "act_count": 0,
        "potential_score": 30.670000076293945,
        "risk_index": 6.91,
        "recommendation": "Zona Penyangga Sekunder: Perdagangan Lokal / Jasa",
        "top_positive_driver": "+15.47 via built_environment_index",
        "top_negative_driver": "-0.39 via human_activity_index"
      }
    },
    {
      "type": "Feature",
      "geometry": {
        "type": "Polygon",
        "coordinates": [
          [
            [
              107.62553781598231,
              -6.8986873695270745
            ],
            [
              107.62512905891997,
              -6.896971642905497
            ],
            [
              107.62336877983088,
              -6.896546712758651
            ],
            [
              107.62201726155159,
              -6.897837537118701
            ],
            [
              107.62242604388743,
              -6.899553268586523
            ],
            [
              107.6241863192295,
              -6.89997817084872
            ],
            [
              107.62553781598231,
              -6.8986873695270745
            ]
          ]
        ]
      },
      "properties": {
        "h3_cell": "898c16b6d8bffff",
        "centroid_lat": -6.89826,
        "centroid_lon": 107.62378,
        "dist_to_transit_km": 2.567,
        "nearest_transit_hub": "Stasiun Cikudapateuh",
        "transit_accessibility_score": 12.83,
        "prop_count": 1,
        "ruko_count": 0,
        "sewa_count": 1,
        "struk_count": 0,
        "act_count": 0,
        "potential_score": 4.429999828338623,
        "risk_index": 25.67,
        "recommendation": "Zona Penyangga Sekunder: Perdagangan Lokal / Jasa",
        "top_positive_driver": "+0.02 via spatial_lag_ruko_k2",
        "top_negative_driver": "-5.76 via built_environment_index"
      }
    },
    {
      "type": "Feature",
      "geometry": {
        "type": "Polygon",
        "coordinates": [
          [
            [
              107.57499779688366,
              -6.951161626421003
            ],
            [
              107.57458868024158,
              -6.949446582673977
            ],
            [
              107.57282798681146,
              -6.949021961029155
            ],
            [
              107.57147641382699,
              -6.950312410941725
            ],
            [
              107.57188555571001,
              -6.952027459430354
            ],
            [
              107.57364624533703,
              -6.952452053265468
            ],
            [
              107.57499779688366,
              -6.951161626421003
            ]
          ]
        ]
      },
      "properties": {
        "h3_cell": "898c1478ad3ffff",
        "centroid_lat": -6.95074,
        "centroid_lon": 107.57324,
        "dist_to_transit_km": 2.366,
        "nearest_transit_hub": "Terminal Leuwipanjang",
        "transit_accessibility_score": 15.06,
        "prop_count": 4,
        "ruko_count": 1,
        "sewa_count": 1,
        "struk_count": 0,
        "act_count": 0,
        "potential_score": 7.300000190734863,
        "risk_index": 23.66,
        "recommendation": "Zona Penyangga Sekunder: Perdagangan Lokal / Jasa",
        "top_positive_driver": "+0.06 via transit_x_comm",
        "top_negative_driver": "-3.19 via built_environment_index"
      }
    },
    {
      "type": "Feature",
      "geometry": {
        "type": "Polygon",
        "coordinates": [
          [
            [
              107.65005292582514,
              -6.911071389298381
            ],
            [
              107.64964439323107,
              -6.909356081064052
            ],
            [
              107.64788453073733,
              -6.9089314136671
            ],
            [
              107.64653320455697,
              -6.910222082416891
            ],
            [
              107.64694176243408,
              -6.911937395521367
            ],
            [
              107.64870162120894,
              -6.912362035006566
            ],
            [
              107.65005292582514,
              -6.911071389298381
            ]
          ]
        ]
      },
      "properties": {
        "h3_cell": "898c14792a7ffff",
        "centroid_lat": -6.91065,
        "centroid_lon": 107.64829,
        "dist_to_transit_km": 1.438,
        "nearest_transit_hub": "Terminal Cicaheum",
        "transit_accessibility_score": 31.65,
        "prop_count": 1,
        "ruko_count": 0,
        "sewa_count": 0,
        "struk_count": 0,
        "act_count": 0,
        "potential_score": 10.859999656677246,
        "risk_index": 14.38,
        "recommendation": "Zona Penyangga Sekunder: Perdagangan Lokal / Jasa",
        "top_positive_driver": "+0.78 via norm_transit",
        "top_negative_driver": "-1.16 via built_environment_index"
      }
    },
    {
      "type": "Feature",
      "geometry": {
        "type": "Polygon",
        "coordinates": [
          [
            [
              107.56631817340183,
              -6.942602410920983
            ],
            [
              107.56590897189915,
              -6.94088713640854
            ],
            [
              107.56414810787895,
              -6.94046237627163
            ],
            [
              107.56279644917504,
              -6.94175291844894
            ],
            [
              107.56320567591594,
              -6.9434681976974675
            ],
            [
              107.56496653612297,
              -6.943892930033259
            ],
            [
              107.56631817340183,
              -6.942602410920983
            ]
          ]
        ]
      },
      "properties": {
        "h3_cell": "898c1478a47ffff",
        "centroid_lat": -6.94218,
        "centroid_lon": 107.56456,
        "dist_to_transit_km": 3.304,
        "nearest_transit_hub": "Terminal Leuwipanjang",
        "transit_accessibility_score": 7.11,
        "prop_count": 4,
        "ruko_count": 1,
        "sewa_count": 1,
        "struk_count": 0,
        "act_count": 0,
        "potential_score": 9.470000267028809,
        "risk_index": 33.04,
        "recommendation": "Zona Penyangga Sekunder: Perdagangan Lokal / Jasa",
        "top_positive_driver": "+0.29 via commercial_activity_synergy",
        "top_negative_driver": "-1.28 via built_environment_index"
      }
    },
    {
      "type": "Feature",
      "geometry": {
        "type": "Polygon",
        "coordinates": [
          [
            [
              107.60026797694209,
              -6.924926447151791
            ],
            [
              107.59985904001272,
              -6.92321106156699
            ],
            [
              107.59809855341338,
              -6.922786285921914
            ],
            [
              107.59674700751889,
              -6.924076923709458
            ],
            [
              107.59715596970547,
              -6.925792314088163
            ],
            [
              107.59891645252976,
              -6.926217061886063
            ],
            [
              107.60026797694209,
              -6.924926447151791
            ]
          ]
        ]
      },
      "properties": {
        "h3_cell": "898c14798d7ffff",
        "centroid_lat": -6.9245,
        "centroid_lon": 107.59851,
        "dist_to_transit_km": 1.324,
        "nearest_transit_hub": "Stasiun Ciroyom",
        "transit_accessibility_score": 34.67,
        "prop_count": 4,
        "ruko_count": 3,
        "sewa_count": 2,
        "struk_count": 0,
        "act_count": 0,
        "potential_score": 27.350000381469727,
        "risk_index": 13.24,
        "recommendation": "Koridor Komersial: Coworking Space / Kantor Cabang / Bank",
        "top_positive_driver": "+13.25 via built_environment_index",
        "top_negative_driver": "-0.42 via human_activity_index"
      }
    },
    {
      "type": "Feature",
      "geometry": {
        "type": "Polygon",
        "coordinates": [
          [
            [
              107.64665885206664,
              -6.90378520532759
            ],
            [
              107.64625028105256,
              -6.90206972886827
            ],
            [
              107.64449032924358,
              -6.901644964244955
            ],
            [
              107.64313895217202,
              -6.9029357039909724
            ],
            [
              107.64354754846873,
              -6.904651185321088
            ],
            [
              107.6453074965548,
              -6.905075922035039
            ],
            [
              107.64665885206664,
              -6.90378520532759
            ]
          ]
        ]
      },
      "properties": {
        "h3_cell": "898c1479227ffff",
        "centroid_lat": -6.90336,
        "centroid_lon": 107.6449,
        "dist_to_transit_km": 1.406,
        "nearest_transit_hub": "Terminal Cicaheum",
        "transit_accessibility_score": 32.47,
        "prop_count": 1,
        "ruko_count": 0,
        "sewa_count": 0,
        "struk_count": 0,
        "act_count": 0,
        "potential_score": 14.960000038146973,
        "risk_index": 14.06,
        "recommendation": "Zona Penyangga Sekunder: Perdagangan Lokal / Jasa",
        "top_positive_driver": "+2.62 via built_environment_index",
        "top_negative_driver": "-0.66 via human_activity_index"
      }
    },
    {
      "type": "Feature",
      "geometry": {
        "type": "Polygon",
        "coordinates": [
          [
            [
              107.68332933505496,
              -6.904550620587155
            ],
            [
              107.68292107662081,
              -6.90283541903846
            ],
            [
              107.68116164826185,
              -6.902410853731
            ],
            [
              107.67981048201871,
              -6.903701517927108
            ],
            [
              107.68021876575261,
              -6.905416724394933
            ],
            [
              107.68197819043033,
              -6.905841261748185
            ],
            [
              107.68332933505496,
              -6.904550620587155
            ]
          ]
        ]
      },
      "properties": {
        "h3_cell": "898c16b6583ffff",
        "centroid_lat": -6.90413,
        "centroid_lon": 107.68157,
        "dist_to_transit_km": 2.673,
        "nearest_transit_hub": "Terminal Cicaheum",
        "transit_accessibility_score": 11.78,
        "prop_count": 3,
        "ruko_count": 1,
        "sewa_count": 1,
        "struk_count": 0,
        "act_count": 0,
        "potential_score": 9.579999923706055,
        "risk_index": 26.73,
        "recommendation": "Zona Penyangga Sekunder: Perdagangan Lokal / Jasa",
        "top_positive_driver": "+0.14 via commercial_activity_synergy",
        "top_negative_driver": "-1.31 via built_environment_index"
      }
    },
    {
      "type": "Feature",
      "geometry": {
        "type": "Polygon",
        "coordinates": [
          [
            [
              107.67682608237871,
              -6.898131042803641
            ],
            [
              107.67641776022147,
              -6.896415668103161
            ],
            [
              107.67465820329542,
              -6.895990998750913
            ],
            [
              107.67330697221581,
              -6.897281732047586
            ],
            [
              107.6737153196708,
              -6.898997111663113
            ],
            [
              107.67547487290807,
              -6.899421753067564
            ],
            [
              107.67682608237871,
              -6.898131042803641
            ]
          ]
        ]
      },
      "properties": {
        "h3_cell": "898c16b6507ffff",
        "centroid_lat": -6.89771,
        "centroid_lon": 107.67507,
        "dist_to_transit_km": 1.985,
        "nearest_transit_hub": "Terminal Cicaheum",
        "transit_accessibility_score": 20.43,
        "prop_count": 3,
        "ruko_count": 2,
        "sewa_count": 1,
        "struk_count": 0,
        "act_count": 0,
        "potential_score": 11.869999885559082,
        "risk_index": 19.85,
        "recommendation": "Koridor Komersial: Coworking Space / Kantor Cabang / Bank",
        "top_positive_driver": "+0.63 via built_environment_index",
        "top_negative_driver": "-0.60 via human_activity_index"
      }
    },
    {
      "type": "Feature",
      "geometry": {
        "type": "Polygon",
        "coordinates": [
          [
            [
              107.61563474430014,
              -6.884976206565405
            ],
            [
              107.61522588512058,
              -6.883260138875899
            ],
            [
              107.61346538851876,
              -6.882835007772904
            ],
            [
              107.61211375485546,
              -6.884125972235848
            ],
            [
              107.61252263930604,
              -6.885842044768127
            ],
            [
              107.6142831321493,
              -6.886267147995333
            ],
            [
              107.61563474430014,
              -6.884976206565405
            ]
          ]
        ]
      },
      "properties": {
        "h3_cell": "898c16b6d6fffff",
        "centroid_lat": -6.88455,
        "centroid_lon": 107.61387,
        "dist_to_transit_km": 3.366,
        "nearest_transit_hub": "Stasiun Bandung (Hall)",
        "transit_accessibility_score": 6.77,
        "prop_count": 1,
        "ruko_count": 1,
        "sewa_count": 1,
        "struk_count": 0,
        "act_count": 0,
        "potential_score": 7.139999866485596,
        "risk_index": 33.66,
        "recommendation": "Zona Penyangga Sekunder: Perdagangan Lokal / Jasa",
        "top_positive_driver": "+0.05 via transit_x_comm",
        "top_negative_driver": "-3.18 via built_environment_index"
      }
    },
    {
      "type": "Feature",
      "geometry": {
        "type": "Polygon",
        "coordinates": [
          [
            [
              107.5571797793192,
              -6.9808051137955145
            ],
            [
              107.55677055076104,
              -6.979090532830071
            ],
            [
              107.55500977517696,
              -6.978666140824081
            ],
            [
              107.55365823197401,
              -6.979956357564724
            ],
            [
              107.5540674857598,
              -6.9816709432270505
            ],
            [
              107.55582825752131,
              -6.982095307452516
            ],
            [
              107.5571797793192,
              -6.9808051137955145
            ]
          ]
        ]
      },
      "properties": {
        "h3_cell": "898c1478d4bffff",
        "centroid_lat": -6.98038,
        "centroid_lon": 107.55542,
        "dist_to_transit_km": 5.717,
        "nearest_transit_hub": "Terminal Leuwipanjang",
        "transit_accessibility_score": 1.03,
        "prop_count": 0,
        "ruko_count": 0,
        "sewa_count": 0,
        "struk_count": 0,
        "act_count": 1,
        "potential_score": 7.909999847412109,
        "risk_index": 40.0,
        "recommendation": "Zona Penyangga Sekunder: Perdagangan Lokal / Jasa",
        "top_positive_driver": "+3.91 via human_activity_index",
        "top_negative_driver": "-6.83 via built_environment_index"
      }
    },
    {
      "type": "Feature",
      "geometry": {
        "type": "Polygon",
        "coordinates": [
          [
            [
              107.67154737613191,
              -6.896857055967866
            ],
            [
              107.67113900743674,
              -6.895141618646466
            ],
            [
              107.66937936850948,
              -6.894716907895716
            ],
            [
              107.66802810197261,
              -6.896007662408648
            ],
            [
              107.66843649596328,
              -6.897723104638963
            ],
            [
              107.67019613119572,
              -6.89814778744809
            ],
            [
              107.67154737613191,
              -6.896857055967866
            ]
          ]
        ]
      },
      "properties": {
        "h3_cell": "898c16b6523ffff",
        "centroid_lat": -6.89643,
        "centroid_lon": 107.66979,
        "dist_to_transit_km": 1.469,
        "nearest_transit_hub": "Terminal Cicaheum",
        "transit_accessibility_score": 30.88,
        "prop_count": 3,
        "ruko_count": 0,
        "sewa_count": 0,
        "struk_count": 0,
        "act_count": 0,
        "potential_score": 11.75,
        "risk_index": 14.69,
        "recommendation": "Zona Penyangga Sekunder: Perdagangan Lokal / Jasa",
        "top_positive_driver": "+0.75 via norm_transit",
        "top_negative_driver": "-0.68 via human_activity_index"
      }
    },
    {
      "type": "Feature",
      "geometry": {
        "type": "Polygon",
        "coordinates": [
          [
            [
              107.56500370280307,
              -6.96491450630269
            ],
            [
              107.56459451958537,
              -6.963199664990045
            ],
            [
              107.56283376371734,
              -6.962775140894784
            ],
            [
              107.56148219488156,
              -6.964065485906877
            ],
            [
              107.56189140333323,
              -6.9657803319380855
            ],
            [
              107.56365215538715,
              -6.966204828239287
            ],
            [
              107.56500370280307,
              -6.96491450630269
            ]
          ]
        ]
      },
      "properties": {
        "h3_cell": "898c1478853ffff",
        "centroid_lat": -6.96449,
        "centroid_lon": 107.56324,
        "dist_to_transit_km": 3.971,
        "nearest_transit_hub": "Terminal Leuwipanjang",
        "transit_accessibility_score": 4.17,
        "prop_count": 0,
        "ruko_count": 0,
        "sewa_count": 0,
        "struk_count": 0,
        "act_count": 2,
        "potential_score": 16.3700008392334,
        "risk_index": 39.71,
        "recommendation": "Zona Penyangga Sekunder: Perdagangan Lokal / Jasa",
        "top_positive_driver": "+8.28 via human_activity_index",
        "top_negative_driver": "-5.41 via built_environment_index"
      }
    },
    {
      "type": "Feature",
      "geometry": {
        "type": "Polygon",
        "coordinates": [
          [
            [
              107.60017803397487,
              -6.9523846753884415
            ],
            [
              107.59976913247134,
              -6.950669833342594
            ],
            [
              107.59800880040015,
              -6.950245356539611
            ],
            [
              107.5966573736074,
              -6.951535749623497
            ],
            [
              107.59706630036365,
              -6.953250596443659
            ],
            [
              107.59882662866036,
              -6.9536750454062695
            ],
            [
              107.60017803397487,
              -6.9523846753884415
            ]
          ]
        ]
      },
      "properties": {
        "h3_cell": "898c1478373ffff",
        "centroid_lat": -6.95196,
        "centroid_lon": 107.59842,
        "dist_to_transit_km": 0.783,
        "nearest_transit_hub": "Terminal Leuwipanjang",
        "transit_accessibility_score": 53.45,
        "prop_count": 1,
        "ruko_count": 0,
        "sewa_count": 0,
        "struk_count": 0,
        "act_count": 0,
        "potential_score": 18.809999465942383,
        "risk_index": 7.83,
        "recommendation": "Zona Penyangga Sekunder: Perdagangan Lokal / Jasa",
        "top_positive_driver": "+6.98 via built_environment_index",
        "top_negative_driver": "-0.60 via human_activity_index"
      }
    },
    {
      "type": "Feature",
      "geometry": {
        "type": "Polygon",
        "coordinates": [
          [
            [
              107.59932539349347,
              -6.927932394579458
            ],
            [
              107.59891645252976,
              -6.926217061886063
            ],
            [
              107.59715596970547,
              -6.925792314088163
            ],
            [
              107.59580443162137,
              -6.92708292682962
            ],
            [
              107.59621339784137,
              -6.928798264313533
            ],
            [
              107.59797387688961,
              -6.929222984266125
            ],
            [
              107.59932539349347,
              -6.927932394579458
            ]
          ]
        ]
      },
      "properties": {
        "h3_cell": "898c147989bffff",
        "centroid_lat": -6.92751,
        "centroid_lon": 107.59756,
        "dist_to_transit_km": 1.582,
        "nearest_transit_hub": "Stasiun Ciroyom",
        "transit_accessibility_score": 28.21,
        "prop_count": 2,
        "ruko_count": 0,
        "sewa_count": 0,
        "struk_count": 0,
        "act_count": 0,
        "potential_score": 18.360000610351562,
        "risk_index": 15.82,
        "recommendation": "Zona Penyangga Sekunder: Perdagangan Lokal / Jasa",
        "top_positive_driver": "+7.06 via built_environment_index",
        "top_negative_driver": "-0.63 via human_activity_index"
      }
    },
    {
      "type": "Feature",
      "geometry": {
        "type": "Polygon",
        "coordinates": [
          [
            [
              107.66900107861123,
              -6.914026511166737
            ],
            [
              107.66859271087698,
              -6.912311395617877
            ],
            [
              107.66683313326457,
              -6.911886859238057
            ],
            [
              107.66548192708412,
              -6.9131774663420655
            ],
            [
              107.66589032010988,
              -6.914892586784208
            ],
            [
              107.66764989402499,
              -6.915317095229727
            ],
            [
              107.66900107861123,
              -6.914026511166737
            ]
          ]
        ]
      },
      "properties": {
        "h3_cell": "898c1479677ffff",
        "centroid_lat": -6.9136,
        "centroid_lon": 107.66724,
        "dist_to_transit_km": 1.723,
        "nearest_transit_hub": "Terminal Cicaheum",
        "transit_accessibility_score": 25.2,
        "prop_count": 1,
        "ruko_count": 0,
        "sewa_count": 0,
        "struk_count": 0,
        "act_count": 0,
        "potential_score": 8.829999923706055,
        "risk_index": 17.23,
        "recommendation": "Zona Penyangga Sekunder: Perdagangan Lokal / Jasa",
        "top_positive_driver": "+0.29 via norm_transit",
        "top_negative_driver": "-2.40 via built_environment_index"
      }
    },
    {
      "type": "Feature",
      "geometry": {
        "type": "Polygon",
        "coordinates": [
          [
            [
              107.72215663643672,
              -6.907452225021589
            ],
            [
              107.72174871200956,
              -6.905737356706913
            ],
            [
              107.71998985124903,
              -6.905313025503045
            ],
            [
              107.7186389185532,
              -6.906603590615626
            ],
            [
              107.71904686829785,
              -6.908318463899064
            ],
            [
              107.72080572542124,
              -6.908742767101822
            ],
            [
              107.72215663643672,
              -6.907452225021589
            ]
          ]
        ]
      },
      "properties": {
        "h3_cell": "898c144cac7ffff",
        "centroid_lat": -6.90703,
        "centroid_lon": 107.7204,
        "dist_to_transit_km": 4.711,
        "nearest_transit_hub": "Stasiun Cimekar",
        "transit_accessibility_score": 2.31,
        "prop_count": 1,
        "ruko_count": 0,
        "sewa_count": 0,
        "struk_count": 0,
        "act_count": 0,
        "potential_score": 0.9300000071525574,
        "risk_index": 40.0,
        "recommendation": "Zona Penyangga Sekunder: Perdagangan Lokal / Jasa",
        "top_positive_driver": "+0.02 via spatial_lag_prop_k2",
        "top_negative_driver": "-8.13 via built_environment_index"
      }
    },
    {
      "type": "Feature",
      "geometry": {
        "type": "Polygon",
        "coordinates": [
          [
            [
              107.5753704473237,
              -6.931853136352809
            ],
            [
              107.57496130838182,
              -6.93013771255024
            ],
            [
              107.57320051062433,
              -6.929712882595407
            ],
            [
              107.57184885561234,
              -6.931003504258663
            ],
            [
              107.57225801979851,
              -6.932718932817009
            ],
            [
              107.57401881375283,
              -6.933143734956965
            ],
            [
              107.5753704473237,
              -6.931853136352809
            ]
          ]
        ]
      },
      "properties": {
        "h3_cell": "898c147998bffff",
        "centroid_lat": -6.93143,
        "centroid_lon": 107.57361,
        "dist_to_transit_km": 2.811,
        "nearest_transit_hub": "Terminal Leuwipanjang",
        "transit_accessibility_score": 10.55,
        "prop_count": 1,
        "ruko_count": 0,
        "sewa_count": 0,
        "struk_count": 0,
        "act_count": 0,
        "potential_score": 5.880000114440918,
        "risk_index": 28.11,
        "recommendation": "Zona Penyangga Sekunder: Perdagangan Lokal / Jasa",
        "top_positive_driver": "+0.01 via spatial_lag_ruko_k2",
        "top_negative_driver": "-4.33 via built_environment_index"
      }
    },
    {
      "type": "Feature",
      "geometry": {
        "type": "Polygon",
        "coordinates": [
          [
            [
              107.56386287842929,
              -6.93231021078462
            ],
            [
              107.56345364254348,
              -6.930594715062537
            ],
            [
              107.56169268561466,
              -6.930169830105797
            ],
            [
              107.56034096838829,
              -6.931460468672401
            ],
            [
              107.56075022951282,
              -6.933175969134572
            ],
            [
              107.56251118262543,
              -6.933600826290707
            ],
            [
              107.56386287842929,
              -6.93231021078462
            ]
          ]
        ]
      },
      "properties": {
        "h3_cell": "898c14799afffff",
        "centroid_lat": -6.93189,
        "centroid_lon": 107.5621,
        "dist_to_transit_km": 3.889,
        "nearest_transit_hub": "Terminal Leuwipanjang",
        "transit_accessibility_score": 4.45,
        "prop_count": 1,
        "ruko_count": 1,
        "sewa_count": 1,
        "struk_count": 0,
        "act_count": 0,
        "potential_score": 3.5,
        "risk_index": 38.89,
        "recommendation": "Zona Penyangga Sekunder: Perdagangan Lokal / Jasa",
        "top_positive_driver": "+0.02 via commercial_pot_ratio",
        "top_negative_driver": "-6.21 via built_environment_index"
      }
    },
    {
      "type": "Feature",
      "geometry": {
        "type": "Polygon",
        "coordinates": [
          [
            [
              107.67899389736864,
              -6.900270994466756
            ],
            [
              107.67858559645234,
              -6.898555677478522
            ],
            [
              107.67682608237871,
              -6.898131042803641
            ],
            [
              107.67547487290807,
              -6.899421753067564
            ],
            [
              107.6758831991228,
              -6.9011370749722
            ],
            [
              107.67764270951014,
              -6.901561681697161
            ],
            [
              107.67899389736864,
              -6.900270994466756
            ]
          ]
        ]
      },
      "properties": {
        "h3_cell": "898c16b6517ffff",
        "centroid_lat": -6.89985,
        "centroid_lon": 107.67723,
        "dist_to_transit_km": 2.186,
        "nearest_transit_hub": "Terminal Cicaheum",
        "transit_accessibility_score": 17.4,
        "prop_count": 2,
        "ruko_count": 1,
        "sewa_count": 0,
        "struk_count": 0,
        "act_count": 0,
        "potential_score": 9.59000015258789,
        "risk_index": 21.86,
        "recommendation": "Zona Penyangga Sekunder: Perdagangan Lokal / Jasa",
        "top_positive_driver": "+0.06 via transit_x_comm",
        "top_negative_driver": "-1.34 via built_environment_index"
      }
    },
    {
      "type": "Feature",
      "geometry": {
        "type": "Polygon",
        "coordinates": [
          [
            [
              107.6165775050683,
              -6.881969172530857
            ],
            [
              107.61616864992902,
              -6.880253052051978
            ],
            [
              107.6144081495696,
              -6.879827893071312
            ],
            [
              107.6130565081075,
              -6.881118882447852
            ],
            [
              107.61346538851876,
              -6.882835007772904
            ],
            [
              107.61522588512058,
              -6.883260138875899
            ],
            [
              107.6165775050683,
              -6.881969172530857
            ]
          ]
        ]
      },
      "properties": {
        "h3_cell": "898c16b69d3ffff",
        "centroid_lat": -6.88154,
        "centroid_lon": 107.61482,
        "dist_to_transit_km": 3.44,
        "nearest_transit_hub": "Terminal Ledeng",
        "transit_accessibility_score": 6.38,
        "prop_count": 7,
        "ruko_count": 3,
        "sewa_count": 4,
        "struk_count": 0,
        "act_count": 0,
        "potential_score": 11.050000190734863,
        "risk_index": 34.4,
        "recommendation": "Koridor Komersial: Coworking Space / Kantor Cabang / Bank",
        "top_positive_driver": "+0.39 via built_environment_index",
        "top_negative_driver": "-0.85 via norm_transit"
      }
    },
    {
      "type": "Feature",
      "geometry": {
        "type": "Polygon",
        "coordinates": [
          [
            [
              107.62251795686352,
              -6.872081769456449
            ],
            [
              107.62210913912348,
              -6.870365495512899
            ],
            [
              107.6203486665031,
              -6.869940259597342
            ],
            [
              107.61899701537426,
              -6.8712313255133495
            ],
            [
              107.61940585839066,
              -6.8729476043180195
            ],
            [
              107.62116632725998,
              -6.87337281234621
            ],
            [
              107.62251795686352,
              -6.872081769456449
            ]
          ]
        ]
      },
      "properties": {
        "h3_cell": "898c16b683bffff",
        "centroid_lat": -6.87166,
        "centroid_lon": 107.62076,
        "dist_to_transit_km": 3.312,
        "nearest_transit_hub": "Terminal Ledeng",
        "transit_accessibility_score": 7.07,
        "prop_count": 2,
        "ruko_count": 1,
        "sewa_count": 0,
        "struk_count": 0,
        "act_count": 0,
        "potential_score": 5.170000076293945,
        "risk_index": 33.12,
        "recommendation": "Zona Penyangga Sekunder: Perdagangan Lokal / Jasa",
        "top_positive_driver": "+0.02 via commercial_pot_ratio",
        "top_negative_driver": "-4.94 via built_environment_index"
      }
    },
    {
      "type": "Feature",
      "geometry": {
        "type": "Polygon",
        "coordinates": [
          [
            [
              107.64401973335193,
              -6.948409918215199
            ],
            [
              107.64361119869108,
              -6.946695307078325
            ],
            [
              107.64185146270997,
              -6.946271015987575
            ],
            [
              107.64050026511497,
              -6.947561363929539
            ],
            [
              107.64090882504993,
              -6.949275979901952
            ],
            [
              107.64266855730622,
              -6.949700243097512
            ],
            [
              107.64401973335193,
              -6.948409918215199
            ]
          ]
        ]
      },
      "properties": {
        "h3_cell": "898c1479517ffff",
        "centroid_lat": -6.94799,
        "centroid_lon": 107.64226,
        "dist_to_transit_km": 2.598,
        "nearest_transit_hub": "Stasiun Kiaracondong",
        "transit_accessibility_score": 12.51,
        "prop_count": 1,
        "ruko_count": 0,
        "sewa_count": 0,
        "struk_count": 0,
        "act_count": 0,
        "potential_score": 4.380000114440918,
        "risk_index": 25.98,
        "recommendation": "Zona Penyangga Sekunder: Perdagangan Lokal / Jasa",
        "top_positive_driver": "+0.02 via spatial_lag_ruko_k2",
        "top_negative_driver": "-5.80 via built_environment_index"
      }
    },
    {
      "type": "Feature",
      "geometry": {
        "type": "Polygon",
        "coordinates": [
          [
            [
              107.57442795672158,
              -6.934859105841033
            ],
            [
              107.57401881375283,
              -6.933143734956965
            ],
            [
              107.57225801979851,
              -6.932718932817009
            ],
            [
              107.5709063726175,
              -6.934009529374748
            ],
            [
              107.57131554082959,
              -6.935724905011205
            ],
            [
              107.57307633097977,
              -6.9361496793381825
            ],
            [
              107.57442795672158,
              -6.934859105841033
            ]
          ]
        ]
      },
      "properties": {
        "h3_cell": "898c1479983ffff",
        "centroid_lat": -6.93443,
        "centroid_lon": 107.57267,
        "dist_to_transit_km": 2.718,
        "nearest_transit_hub": "Terminal Leuwipanjang",
        "transit_accessibility_score": 11.37,
        "prop_count": 18,
        "ruko_count": 3,
        "sewa_count": 4,
        "struk_count": 0,
        "act_count": 0,
        "potential_score": 10.699999809265137,
        "risk_index": 27.18,
        "recommendation": "Koridor Komersial: Coworking Space / Kantor Cabang / Bank",
        "top_positive_driver": "+0.18 via commercial_activity_synergy",
        "top_negative_driver": "-0.68 via norm_transit"
      }
    },
    {
      "type": "Feature",
      "geometry": {
        "type": "Polygon",
        "coordinates": [
          [
            [
              107.61639474474119,
              -6.936899530278889
            ],
            [
              107.61598596041763,
              -6.9351844956963085
            ],
            [
              107.61422576908888,
              -6.934759934695015
            ],
            [
              107.61287436584053,
              -6.936050436141039
            ],
            [
              107.61328317542701,
              -6.937765475530519
            ],
            [
              107.61504336299932,
              -6.938190008667724
            ],
            [
              107.61639474474119,
              -6.936899530278889
            ]
          ]
        ]
      },
      "properties": {
        "h3_cell": "898c1479cc3ffff",
        "centroid_lat": -6.93647,
        "centroid_lon": 107.61463,
        "dist_to_transit_km": 2.057,
        "nearest_transit_hub": "Stasiun Cikudapateuh",
        "transit_accessibility_score": 19.29,
        "prop_count": 1,
        "ruko_count": 0,
        "sewa_count": 1,
        "struk_count": 0,
        "act_count": 0,
        "potential_score": 6.699999809265137,
        "risk_index": 20.57,
        "recommendation": "Zona Penyangga Sekunder: Perdagangan Lokal / Jasa",
        "top_positive_driver": "+0.08 via transit_decay_quad",
        "top_negative_driver": "-3.91 via built_environment_index"
      }
    },
    {
      "type": "Feature",
      "geometry": {
        "type": "Polygon",
        "coordinates": [
          [
            [
              107.61837150648316,
              -6.903425639993719
            ],
            [
              107.6179626948349,
              -6.901709956512959
            ],
            [
              107.61620234149333,
              -6.901285040756593
            ],
            [
              107.6148508035555,
              -6.902575836356303
            ],
            [
              107.61525964047308,
              -6.9042915246703735
            ],
            [
              107.61701999005962,
              -6.904716412552061
            ],
            [
              107.61837150648316,
              -6.903425639993719
            ]
          ]
        ]
      },
      "properties": {
        "h3_cell": "898c16b6db3ffff",
        "centroid_lat": -6.903,
        "centroid_lon": 107.61661,
        "dist_to_transit_km": 1.897,
        "nearest_transit_hub": "Stasiun Bandung (Hall)",
        "transit_accessibility_score": 21.92,
        "prop_count": 1,
        "ruko_count": 0,
        "sewa_count": 0,
        "struk_count": 0,
        "act_count": 0,
        "potential_score": 8.510000228881836,
        "risk_index": 18.97,
        "recommendation": "Zona Penyangga Sekunder: Perdagangan Lokal / Jasa",
        "top_positive_driver": "+0.17 via norm_transit",
        "top_negative_driver": "-2.63 via built_environment_index"
      }
    },
    {
      "type": "Feature",
      "geometry": {
        "type": "Polygon",
        "coordinates": [
          [
            [
              107.70038714168581,
              -6.9135157184955975
            ],
            [
              107.69997904006966,
              -6.911800815499451
            ],
            [
              107.6982199044906,
              -6.911376437167268
            ],
            [
              107.69686887418982,
              -6.912666989804811
            ],
            [
              107.69727700111228,
              -6.914381897736414
            ],
            [
              107.69903613302964,
              -6.914806248095668
            ],
            [
              107.70038714168581,
              -6.9135157184955975
            ]
          ]
        ]
      },
      "properties": {
        "h3_cell": "898c144cbc7ffff",
        "centroid_lat": -6.91309,
        "centroid_lon": 107.69863,
        "dist_to_transit_km": 3.672,
        "nearest_transit_hub": "Stasiun Cimekar",
        "transit_accessibility_score": 5.3,
        "prop_count": 2,
        "ruko_count": 1,
        "sewa_count": 1,
        "struk_count": 0,
        "act_count": 0,
        "potential_score": 4.590000152587891,
        "risk_index": 36.72,
        "recommendation": "Zona Penyangga Sekunder: Perdagangan Lokal / Jasa",
        "top_positive_driver": "+0.02 via spatial_lag_prop_k2",
        "top_negative_driver": "-5.39 via built_environment_index"
      }
    },
    {
      "type": "Feature",
      "geometry": {
        "type": "Polygon",
        "coordinates": [
          [
            [
              107.61497582566949,
              -6.896137706832752
            ],
            [
              107.61456697560138,
              -6.89442185520526
            ],
            [
              107.61280653301748,
              -6.893996842335824
            ],
            [
              107.61145494426115,
              -6.895287708966804
            ],
            [
              107.61186381959817,
              -6.897003565428262
            ],
            [
              107.61362425842302,
              -6.897428550425428
            ],
            [
              107.61497582566949,
              -6.896137706832752
            ]
          ]
        ]
      },
      "properties": {
        "h3_cell": "898c16b6d33ffff",
        "centroid_lat": -6.89571,
        "centroid_lon": 107.61322,
        "dist_to_transit_km": 2.225,
        "nearest_transit_hub": "Stasiun Bandung (Hall)",
        "transit_accessibility_score": 16.86,
        "prop_count": 2,
        "ruko_count": 1,
        "sewa_count": 1,
        "struk_count": 0,
        "act_count": 0,
        "potential_score": 7.769999980926514,
        "risk_index": 22.25,
        "recommendation": "Zona Penyangga Sekunder: Perdagangan Lokal / Jasa",
        "top_positive_driver": "+0.05 via transit_x_comm",
        "top_negative_driver": "-2.98 via built_environment_index"
      }
    },
    {
      "type": "Feature",
      "geometry": {
        "type": "Polygon",
        "coordinates": [
          [
            [
              107.5763129497811,
              -6.928847088847989
            ],
            [
              107.5759038148664,
              -6.9271316121339535
            ],
            [
              107.5741430133068,
              -6.926706754362349
            ],
            [
              107.57279135046443,
              -6.927997401122209
            ],
            [
              107.57320051062433,
              -6.929712882595407
            ],
            [
              107.57496130838182,
              -6.93013771255024
            ],
            [
              107.5763129497811,
              -6.928847088847989
            ]
          ]
        ]
      },
      "properties": {
        "h3_cell": "898c14799c7ffff",
        "centroid_lat": -6.92842,
        "centroid_lon": 107.57455,
        "dist_to_transit_km": 2.535,
        "nearest_transit_hub": "Stasiun Ciroyom",
        "transit_accessibility_score": 13.16,
        "prop_count": 1,
        "ruko_count": 0,
        "sewa_count": 0,
        "struk_count": 0,
        "act_count": 0,
        "potential_score": 4.619999885559082,
        "risk_index": 25.35,
        "recommendation": "Zona Penyangga Sekunder: Perdagangan Lokal / Jasa",
        "top_positive_driver": "+0.01 via spatial_lag_prop_k2",
        "top_negative_driver": "-5.57 via built_environment_index"
      }
    },
    {
      "type": "Feature",
      "geometry": {
        "type": "Polygon",
        "coordinates": [
          [
            [
              107.60563964941895,
              -6.898735256635659
            ],
            [
              107.605230723549,
              -6.897019390520598
            ],
            [
              107.60347016406007,
              -6.896594357420138
            ],
            [
              107.6021185342111,
              -6.897885218295565
            ],
            [
              107.60252748534509,
              -6.8996010892303
            ],
            [
              107.60428804106444,
              -6.900026094470588
            ],
            [
              107.60563964941895,
              -6.898735256635659
            ]
          ]
        ]
      },
      "properties": {
        "h3_cell": "898c1479acfffff",
        "centroid_lat": -6.89831,
        "centroid_lon": 107.60388,
        "dist_to_transit_km": 1.597,
        "nearest_transit_hub": "Stasiun Bandung (Hall)",
        "transit_accessibility_score": 27.87,
        "prop_count": 3,
        "ruko_count": 3,
        "sewa_count": 2,
        "struk_count": 0,
        "act_count": 0,
        "potential_score": 16.530000686645508,
        "risk_index": 15.97,
        "recommendation": "Koridor Komersial: Coworking Space / Kantor Cabang / Bank",
        "top_positive_driver": "+5.00 via built_environment_index",
        "top_negative_driver": "-0.65 via human_activity_index"
      }
    },
    {
      "type": "Feature",
      "geometry": {
        "type": "Polygon",
        "coordinates": [
          [
            [
              107.6376079551214,
              -6.914535362311772
            ],
            [
              107.63719932140482,
              -6.9128200346254784
            ],
            [
              107.6354393026612,
              -6.912395340212907
            ],
            [
              107.63408792136751,
              -6.913686001382916
            ],
            [
              107.6344965803607,
              -6.9154013339203
            ],
            [
              107.6362565953714,
              -6.915826000437241
            ],
            [
              107.6376079551214,
              -6.914535362311772
            ]
          ]
        ]
      },
      "properties": {
        "h3_cell": "898c147938fffff",
        "centroid_lat": -6.91411,
        "centroid_lon": 107.63585,
        "dist_to_transit_km": 1.412,
        "nearest_transit_hub": "Stasiun Cikudapateuh",
        "transit_accessibility_score": 32.32,
        "prop_count": 1,
        "ruko_count": 1,
        "sewa_count": 1,
        "struk_count": 0,
        "act_count": 0,
        "potential_score": 15.399999618530273,
        "risk_index": 14.12,
        "recommendation": "Zona Penyangga Sekunder: Perdagangan Lokal / Jasa",
        "top_positive_driver": "+2.99 via built_environment_index",
        "top_negative_driver": "-0.64 via human_activity_index"
      }
    },
    {
      "type": "Feature",
      "geometry": {
        "type": "Polygon",
        "coordinates": [
          [
            [
              107.67060450394688,
              -6.899863171973899
            ],
            [
              107.67019613119572,
              -6.89814778744809
            ],
            [
              107.66843649596328,
              -6.897723104638963
            ],
            [
              107.66708523717821,
              -6.899013834296038
            ],
            [
              107.66749363522392,
              -6.900729223727357
            ],
            [
              107.66925326676056,
              -6.901153878596752
            ],
            [
              107.67060450394688,
              -6.899863171973899
            ]
          ]
        ]
      },
      "properties": {
        "h3_cell": "898c16b6537ffff",
        "centroid_lat": -6.89944,
        "centroid_lon": 107.66884,
        "dist_to_transit_km": 1.273,
        "nearest_transit_hub": "Terminal Cicaheum",
        "transit_accessibility_score": 36.12,
        "prop_count": 8,
        "ruko_count": 1,
        "sewa_count": 0,
        "struk_count": 0,
        "act_count": 0,
        "potential_score": 14.699999809265137,
        "risk_index": 12.73,
        "recommendation": "Kawasan Transit Residensial: Kos Pekerja / Hunian Komuter",
        "top_positive_driver": "+2.28 via built_environment_index",
        "top_negative_driver": "-0.65 via human_activity_index"
      }
    },
    {
      "type": "Feature",
      "geometry": {
        "type": "Polygon",
        "coordinates": [
          [
            [
              107.59055821539258,
              -6.946832328013591
            ],
            [
              107.59014922497958,
              -6.9451173080460515
            ],
            [
              107.58838872592369,
              -6.944692720481341
            ],
            [
              107.58703722106677,
              -6.945983180714748
            ],
            [
              107.58744623672882,
              -6.947698205447707
            ],
            [
              107.58920673199918,
              -6.9481227651825135
            ],
            [
              107.59055821539258,
              -6.946832328013591
            ]
          ]
        ]
      },
      "properties": {
        "h3_cell": "898c1479d8bffff",
        "centroid_lat": -6.94641,
        "centroid_lon": 107.5888,
        "dist_to_transit_km": 0.596,
        "nearest_transit_hub": "Terminal Leuwipanjang",
        "transit_accessibility_score": 62.08,
        "prop_count": 2,
        "ruko_count": 1,
        "sewa_count": 0,
        "struk_count": 0,
        "act_count": 0,
        "potential_score": 23.559999465942383,
        "risk_index": 5.96,
        "recommendation": "Zona Penyangga Sekunder: Perdagangan Lokal / Jasa",
        "top_positive_driver": "+9.60 via built_environment_index",
        "top_negative_driver": "-0.53 via human_activity_index"
      }
    },
    {
      "type": "Feature",
      "geometry": {
        "type": "Polygon",
        "coordinates": [
          [
            [
              107.61403311253055,
              -6.899144349231679
            ],
            [
              107.61362425842302,
              -6.897428550425428
            ],
            [
              107.61186381959817,
              -6.897003565428262
            ],
            [
              107.6105122386413,
              -6.898294407108383
            ],
            [
              107.61092111801679,
              -6.9000102107452035
            ],
            [
              107.6126815530816,
              -6.90043516787198
            ],
            [
              107.61403311253055,
              -6.899144349231679
            ]
          ]
        ]
      },
      "properties": {
        "h3_cell": "898c16b6dafffff",
        "centroid_lat": -6.89872,
        "centroid_lon": 107.61227,
        "dist_to_transit_km": 1.889,
        "nearest_transit_hub": "Stasiun Bandung (Hall)",
        "transit_accessibility_score": 22.06,
        "prop_count": 0,
        "ruko_count": 0,
        "sewa_count": 0,
        "struk_count": 0,
        "act_count": 1,
        "potential_score": 15.850000381469727,
        "risk_index": 18.89,
        "recommendation": "Zona Penyangga Sekunder: Perdagangan Lokal / Jasa",
        "top_positive_driver": "+3.67 via human_activity_index",
        "top_negative_driver": "-2.17 via built_environment_index"
      }
    },
    {
      "type": "Feature",
      "geometry": {
        "type": "Polygon",
        "coordinates": [
          [
            [
              107.56537574164955,
              -6.9456081515993455
            ],
            [
              107.56496653612297,
              -6.943892930033259
            ],
            [
              107.56320567591594,
              -6.9434681976974675
            ],
            [
              107.5618540250501,
              -6.944758714727656
            ],
            [
              107.56226325581395,
              -6.946473941026445
            ],
            [
              107.56402411220682,
              -6.946898645563004
            ],
            [
              107.56537574164955,
              -6.9456081515993455
            ]
          ]
        ]
      },
      "properties": {
        "h3_cell": "898c1478a0bffff",
        "centroid_lat": -6.94518,
        "centroid_lon": 107.56361,
        "dist_to_transit_km": 3.378,
        "nearest_transit_hub": "Terminal Leuwipanjang",
        "transit_accessibility_score": 6.7,
        "prop_count": 2,
        "ruko_count": 0,
        "sewa_count": 0,
        "struk_count": 0,
        "act_count": 0,
        "potential_score": 3.8299999237060547,
        "risk_index": 33.78,
        "recommendation": "Zona Penyangga Sekunder: Perdagangan Lokal / Jasa",
        "top_positive_driver": "+0.03 via spatial_lag_prop_k2",
        "top_negative_driver": "-6.06 via built_environment_index"
      }
    },
    {
      "type": "Feature",
      "geometry": {
        "type": "Polygon",
        "coordinates": [
          [
            [
              107.6476016443342,
              -6.900778987252943
            ],
            [
              107.64719307736898,
              -6.8990634579778805
            ],
            [
              107.64543312183812,
              -6.898638665443307
            ],
            [
              107.64408173699479,
              -6.899929430095711
            ],
            [
              107.64449032924358,
              -6.901644964244955
            ],
            [
              107.64625028105256,
              -6.90206972886827
            ],
            [
              107.6476016443342,
              -6.900778987252943
            ]
          ]
        ]
      },
      "properties": {
        "h3_cell": "898c147922fffff",
        "centroid_lat": -6.90035,
        "centroid_lon": 107.64584,
        "dist_to_transit_km": 1.293,
        "nearest_transit_hub": "Terminal Cicaheum",
        "transit_accessibility_score": 35.54,
        "prop_count": 9,
        "ruko_count": 5,
        "sewa_count": 7,
        "struk_count": 0,
        "act_count": 0,
        "potential_score": 22.440000534057617,
        "risk_index": 12.93,
        "recommendation": "Koridor Komersial: Coworking Space / Kantor Cabang / Bank",
        "top_positive_driver": "+9.61 via built_environment_index",
        "top_negative_driver": "-0.53 via human_activity_index"
      }
    },
    {
      "type": "Feature",
      "geometry": {
        "type": "Polygon",
        "coordinates": [
          [
            [
              107.5564096519212,
              -6.928895092436973
            ],
            [
              107.55600034836644,
              -6.92717947665968
            ],
            [
              107.55423926735826,
              -6.926754515711157
            ],
            [
              107.55288749373003,
              -6.9280451983328435
            ],
            [
              107.55329682252052,
              -6.929760818842701
            ],
            [
              107.55505789970394,
              -6.9301857519989625
            ],
            [
              107.5564096519212,
              -6.928895092436973
            ]
          ]
        ]
      },
      "properties": {
        "h3_cell": "898c146a453ffff",
        "centroid_lat": -6.92847,
        "centroid_lon": 107.55465,
        "dist_to_transit_km": 4.469,
        "nearest_transit_hub": "Stasiun Ciroyom",
        "transit_accessibility_score": 2.8,
        "prop_count": 1,
        "ruko_count": 0,
        "sewa_count": 0,
        "struk_count": 0,
        "act_count": 0,
        "potential_score": 2.3499999046325684,
        "risk_index": 40.0,
        "recommendation": "Zona Penyangga Sekunder: Perdagangan Lokal / Jasa",
        "top_positive_driver": "+0.02 via commercial_pot_ratio",
        "top_negative_driver": "-7.14 via built_environment_index"
      }
    },
    {
      "type": "Feature",
      "geometry": {
        "type": "Polygon",
        "coordinates": [
          [
            [
              107.71395120225334,
              -6.942645106028057
            ],
            [
              107.71354325431136,
              -6.940930876642715
            ],
            [
              107.71178447651722,
              -6.940506888100211
            ],
            [
              107.71043365031116,
              -6.941797156926076
            ],
            [
              107.71084162356108,
              -6.943511391244129
            ],
            [
              107.71260039770956,
              -6.943935351804255
            ],
            [
              107.71395120225334,
              -6.942645106028057
            ]
          ]
        ]
      },
      "properties": {
        "h3_cell": "898c144cc27ffff",
        "centroid_lat": -6.94222,
        "centroid_lon": 107.71219,
        "dist_to_transit_km": 1.069,
        "nearest_transit_hub": "Stasiun Cimekar",
        "transit_accessibility_score": 42.52,
        "prop_count": 2,
        "ruko_count": 0,
        "sewa_count": 1,
        "struk_count": 0,
        "act_count": 0,
        "potential_score": 14.84000015258789,
        "risk_index": 10.69,
        "recommendation": "Zona Penyangga Sekunder: Perdagangan Lokal / Jasa",
        "top_positive_driver": "+2.32 via built_environment_index",
        "top_negative_driver": "-0.64 via human_activity_index"
      }
    },
    {
      "type": "Feature",
      "geometry": {
        "type": "Polygon",
        "coordinates": [
          [
            [
              107.61950626136002,
              -6.936033576248755
            ],
            [
              107.619097502301,
              -6.934318546477849
            ],
            [
              107.61733734995313,
              -6.933893992267248
            ],
            [
              107.61598596041763,
              -6.9351844956963085
            ],
            [
              107.61639474474119,
              -6.936899530278889
            ],
            [
              107.61815489333611,
              -6.937324056621366
            ],
            [
              107.61950626136002,
              -6.936033576248755
            ]
          ]
        ]
      },
      "properties": {
        "h3_cell": "898c1479cdbffff",
        "centroid_lat": -6.93561,
        "centroid_lon": 107.61775,
        "dist_to_transit_km": 1.796,
        "nearest_transit_hub": "Stasiun Cikudapateuh",
        "transit_accessibility_score": 23.77,
        "prop_count": 0,
        "ruko_count": 0,
        "sewa_count": 0,
        "struk_count": 1,
        "act_count": 0,
        "potential_score": 21.1299991607666,
        "risk_index": 17.96,
        "recommendation": "Zona Penyangga Sekunder: Perdagangan Lokal / Jasa",
        "top_positive_driver": "+4.09 via human_activity_index",
        "top_negative_driver": "-0.06 via transit_x_civic"
      }
    },
    {
      "type": "Feature",
      "geometry": {
        "type": "Polygon",
        "coordinates": [
          [
            [
              107.5213893651958,
              -6.886477328567955
            ],
            [
              107.52097970902493,
              -6.884760627729533
            ],
            [
              107.51921789610596,
              -6.8843350238333905
            ],
            [
              107.5178657432239,
              -6.885626148535608
            ],
            [
              107.51827542462065,
              -6.887342854089755
            ],
            [
              107.52003723367405,
              -6.887768430226608
            ],
            [
              107.5213893651958,
              -6.886477328567955
            ]
          ]
        ]
      },
      "properties": {
        "h3_cell": "898c14684abffff",
        "centroid_lat": -6.88605,
        "centroid_lon": 107.51963,
        "dist_to_transit_km": 1.808,
        "nearest_transit_hub": "Stasiun Cimahi",
        "transit_accessibility_score": 23.54,
        "prop_count": 0,
        "ruko_count": 0,
        "sewa_count": 0,
        "struk_count": 0,
        "act_count": 1,
        "potential_score": 15.770000457763672,
        "risk_index": 18.08,
        "recommendation": "Zona Penyangga Sekunder: Perdagangan Lokal / Jasa",
        "top_positive_driver": "+3.67 via human_activity_index",
        "top_negative_driver": "-2.41 via built_environment_index"
      }
    },
    {
      "type": "Feature",
      "geometry": {
        "type": "Polygon",
        "coordinates": [
          [
            [
              107.56197797850193,
              -6.938322249331087
            ],
            [
              107.56156873456956,
              -6.936606859466064
            ],
            [
              107.55980778527417,
              -6.936182030108636
            ],
            [
              107.55845608372975,
              -6.937472618413707
            ],
            [
              107.55886535289895,
              -6.939188013012052
            ],
            [
              107.56062629837616,
              -6.93961281457266
            ],
            [
              107.56197797850193,
              -6.938322249331087
            ]
          ]
        ]
      },
      "properties": {
        "h3_cell": "898c1478a6bffff",
        "centroid_lat": -6.9379,
        "centroid_lon": 107.56022,
        "dist_to_transit_km": 3.866,
        "nearest_transit_hub": "Terminal Leuwipanjang",
        "transit_accessibility_score": 4.54,
        "prop_count": 1,
        "ruko_count": 0,
        "sewa_count": 1,
        "struk_count": 0,
        "act_count": 0,
        "potential_score": 2.2799999713897705,
        "risk_index": 38.66,
        "recommendation": "Zona Penyangga Sekunder: Perdagangan Lokal / Jasa",
        "top_positive_driver": "+0.02 via commercial_pot_ratio",
        "top_negative_driver": "-7.19 via built_environment_index"
      }
    },
    {
      "type": "Feature",
      "geometry": {
        "type": "Polygon",
        "coordinates": [
          [
            [
              107.61762106334069,
              -6.94204441276763
            ],
            [
              107.61721229620264,
              -6.940329488816686
            ],
            [
              107.61545215136164,
              -6.939904990340445
            ],
            [
              107.61410077741405,
              -6.941195443680124
            ],
            [
              107.61450956981479,
              -6.942910372435955
            ],
            [
              107.61626971090084,
              -6.943334843047869
            ],
            [
              107.61762106334069,
              -6.94204441276763
            ]
          ]
        ]
      },
      "properties": {
        "h3_cell": "898c147826fffff",
        "centroid_lat": -6.94162,
        "centroid_lon": 107.61586,
        "dist_to_transit_km": 2.447,
        "nearest_transit_hub": "Terminal Leuwipanjang",
        "transit_accessibility_score": 14.12,
        "prop_count": 2,
        "ruko_count": 0,
        "sewa_count": 0,
        "struk_count": 0,
        "act_count": 0,
        "potential_score": 6.360000133514404,
        "risk_index": 24.47,
        "recommendation": "Zona Penyangga Sekunder: Perdagangan Lokal / Jasa",
        "top_positive_driver": "+0.02 via spatial_lag_prop_k2",
        "top_negative_driver": "-3.96 via built_environment_index"
      }
    },
    {
      "type": "Feature",
      "geometry": {
        "type": "Polygon",
        "coordinates": [
          [
            [
              107.59423887130582,
              -6.962265847684558
            ],
            [
              107.59382993245264,
              -6.960551159750129
            ],
            [
              107.59206957279815,
              -6.960126759633952
            ],
            [
              107.59071815577828,
              -6.96141707528351
            ],
            [
              107.59112711987977,
              -6.963131767977328
            ],
            [
              107.59288747575324,
              -6.963556140262855
            ],
            [
              107.59423887130582,
              -6.962265847684558
            ]
          ]
        ]
      },
      "properties": {
        "h3_cell": "898c14783afffff",
        "centroid_lat": -6.96184,
        "centroid_lon": 107.59248,
        "dist_to_transit_km": 1.739,
        "nearest_transit_hub": "Terminal Leuwipanjang",
        "transit_accessibility_score": 24.88,
        "prop_count": 4,
        "ruko_count": 4,
        "sewa_count": 0,
        "struk_count": 0,
        "act_count": 0,
        "potential_score": 17.510000228881836,
        "risk_index": 17.39,
        "recommendation": "Zona Penyangga Sekunder: Perdagangan Lokal / Jasa",
        "top_positive_driver": "+6.70 via built_environment_index",
        "top_negative_driver": "-0.61 via human_activity_index"
      }
    },
    {
      "type": "Feature",
      "geometry": {
        "type": "Polygon",
        "coordinates": [
          [
            [
              107.59205281665007,
              -6.86957551699688
            ],
            [
              107.59164373709007,
              -6.8678589787054625
            ],
            [
              107.58988282077017,
              -6.867433557489502
            ],
            [
              107.58853098779639,
              -6.868724702416075
            ],
            [
              107.58894009261874,
              -6.870441245529688
            ],
            [
              107.59070100515292,
              -6.870866638895177
            ],
            [
              107.59205281665007,
              -6.86957551699688
            ]
          ]
        ]
      },
      "properties": {
        "h3_cell": "898c146b68fffff",
        "centroid_lat": -6.86915,
        "centroid_lon": 107.59029,
        "dist_to_transit_km": 1.211,
        "nearest_transit_hub": "Terminal Ledeng",
        "transit_accessibility_score": 37.95,
        "prop_count": 1,
        "ruko_count": 0,
        "sewa_count": 0,
        "struk_count": 0,
        "act_count": 0,
        "potential_score": 14.710000038146973,
        "risk_index": 12.11,
        "recommendation": "Zona Penyangga Sekunder: Perdagangan Lokal / Jasa",
        "top_positive_driver": "+2.28 via built_environment_index",
        "top_negative_driver": "-0.65 via human_activity_index"
      }
    },
    {
      "type": "Feature",
      "geometry": {
        "type": "Polygon",
        "coordinates": [
          [
            [
              107.55112637392388,
              -6.927620230585498
            ],
            [
              107.55071702391912,
              -6.9259045524270135
            ],
            [
              107.54895586149355,
              -6.92547955009283
            ],
            [
              107.54760405290396,
              -6.926770253703843
            ],
            [
              107.54801342814214,
              -6.928485936588737
            ],
            [
              107.5497745867369,
              -6.9289109111368585
            ],
            [
              107.55112637392388,
              -6.927620230585498
            ]
          ]
        ]
      },
      "properties": {
        "h3_cell": "898c146a447ffff",
        "centroid_lat": -6.9272,
        "centroid_lon": 107.54937,
        "dist_to_transit_km": 4.855,
        "nearest_transit_hub": "Stasiun Cimahi",
        "transit_accessibility_score": 2.06,
        "prop_count": 2,
        "ruko_count": 1,
        "sewa_count": 1,
        "struk_count": 0,
        "act_count": 0,
        "potential_score": 2.6700000762939453,
        "risk_index": 40.0,
        "recommendation": "Zona Penyangga Sekunder: Perdagangan Lokal / Jasa",
        "top_positive_driver": "+0.01 via spatial_lag_ruko_k2",
        "top_negative_driver": "-6.74 via built_environment_index"
      }
    },
    {
      "type": "Feature",
      "geometry": {
        "type": "Polygon",
        "coordinates": [
          [
            [
              107.63374424716329,
              -6.954012968602959
            ],
            [
              107.63333563264116,
              -6.952298395905655
            ],
            [
              107.6315757832751,
              -6.951874112293525
            ],
            [
              107.63022455216792,
              -6.953164429260564
            ],
            [
              107.6306331919584,
              -6.954879006775745
            ],
            [
              107.63239303758813,
              -6.955303262506674
            ],
            [
              107.63374424716329,
              -6.954012968602959
            ]
          ]
        ]
      },
      "properties": {
        "h3_cell": "898c14782d3ffff",
        "centroid_lat": -6.95359,
        "centroid_lon": 107.63198,
        "dist_to_transit_km": 3.56,
        "nearest_transit_hub": "Stasiun Kiaracondong",
        "transit_accessibility_score": 5.8,
        "prop_count": 1,
        "ruko_count": 0,
        "sewa_count": 0,
        "struk_count": 0,
        "act_count": 0,
        "potential_score": 4.170000076293945,
        "risk_index": 35.6,
        "recommendation": "Zona Penyangga Sekunder: Perdagangan Lokal / Jasa",
        "top_positive_driver": "+0.02 via commercial_pot_ratio",
        "top_negative_driver": "-5.74 via built_environment_index"
      }
    },
    {
      "type": "Feature",
      "geometry": {
        "type": "Polygon",
        "coordinates": [
          [
            [
              107.59809855341338,
              -6.922786285921914
            ],
            [
              107.59768959526055,
              -6.9210708426554595
            ],
            [
              107.59592906595624,
              -6.920646032383379
            ],
            [
              107.59457749858274,
              -6.9219366932234525
            ],
            [
              107.59498648199212,
              -6.923652141282433
            ],
            [
              107.59674700751889,
              -6.924076923709458
            ],
            [
              107.59809855341338,
              -6.922786285921914
            ]
          ]
        ]
      },
      "properties": {
        "h3_cell": "898c14798c7ffff",
        "centroid_lat": -6.92236,
        "centroid_lon": 107.59634,
        "dist_to_transit_km": 1.002,
        "nearest_transit_hub": "Stasiun Ciroyom",
        "transit_accessibility_score": 44.86,
        "prop_count": 2,
        "ruko_count": 1,
        "sewa_count": 1,
        "struk_count": 0,
        "act_count": 0,
        "potential_score": 25.56999969482422,
        "risk_index": 10.02,
        "recommendation": "Zona Penyangga Sekunder: Perdagangan Lokal / Jasa",
        "top_positive_driver": "+12.56 via built_environment_index",
        "top_negative_driver": "-0.43 via human_activity_index"
      }
    },
    {
      "type": "Feature",
      "geometry": {
        "type": "Polygon",
        "coordinates": [
          [
            [
              107.65288130063793,
              -6.902053219504487
            ],
            [
              107.65247278019393,
              -6.900337752801054
            ],
            [
              107.65071290654957,
              -6.899913001657481
            ],
            [
              107.64936155706552,
              -6.90120374513542
            ],
            [
              107.64977010279536,
              -6.902919216719173
            ],
            [
              107.65152997272385,
              -6.903343939945315
            ],
            [
              107.65288130063793,
              -6.902053219504487
            ]
          ]
        ]
      },
      "properties": {
        "h3_cell": "898c147923bffff",
        "centroid_lat": -6.90163,
        "centroid_lon": 107.65112,
        "dist_to_transit_km": 0.704,
        "nearest_transit_hub": "Terminal Cicaheum",
        "transit_accessibility_score": 56.94,
        "prop_count": 4,
        "ruko_count": 3,
        "sewa_count": 4,
        "struk_count": 0,
        "act_count": 0,
        "potential_score": 26.65999984741211,
        "risk_index": 7.04,
        "recommendation": "Koridor Komersial: Coworking Space / Kantor Cabang / Bank",
        "top_positive_driver": "+13.02 via built_environment_index",
        "top_negative_driver": "-0.42 via human_activity_index"
      }
    },
    {
      "type": "Feature",
      "geometry": {
        "type": "Polygon",
        "coordinates": [
          [
            [
              107.58556129388172,
              -6.953708941174462
            ],
            [
              107.58515227016005,
              -6.9519940223432615
            ],
            [
              107.58339173978975,
              -6.951569483616253
            ],
            [
              107.58204023693261,
              -6.952859891543167
            ],
            [
              107.58244928589984,
              -6.954574815128262
            ],
            [
              107.58420981247909,
              -6.954999326033188
            ],
            [
              107.58556129388172,
              -6.953708941174462
            ]
          ]
        ]
      },
      "properties": {
        "h3_cell": "898c1478e4bffff",
        "centroid_lat": -6.95328,
        "centroid_lon": 107.5838,
        "dist_to_transit_km": 1.386,
        "nearest_transit_hub": "Terminal Leuwipanjang",
        "transit_accessibility_score": 33.0,
        "prop_count": 2,
        "ruko_count": 1,
        "sewa_count": 2,
        "struk_count": 0,
        "act_count": 0,
        "potential_score": 13.5600004196167,
        "risk_index": 13.86,
        "recommendation": "Zona Penyangga Sekunder: Perdagangan Lokal / Jasa",
        "top_positive_driver": "+1.20 via built_environment_index",
        "top_negative_driver": "-0.65 via human_activity_index"
      }
    },
    {
      "type": "Feature",
      "geometry": {
        "type": "Polygon",
        "coordinates": [
          [
            [
              107.58876218141242,
              -6.925383825666928
            ],
            [
              107.58835314749479,
              -6.923668368037189
            ],
            [
              107.58659250145367,
              -6.9232435374197765
            ],
            [
              107.5852408931187,
              -6.924534192265681
            ],
            [
              107.58564995228802,
              -6.926249654673639
            ],
            [
              107.58741059454105,
              -6.926674457458123
            ],
            [
              107.58876218141242,
              -6.925383825666928
            ]
          ]
        ]
      },
      "properties": {
        "h3_cell": "898c14798abffff",
        "centroid_lat": -6.92496,
        "centroid_lon": 107.587,
        "dist_to_transit_km": 1.342,
        "nearest_transit_hub": "Stasiun Ciroyom",
        "transit_accessibility_score": 34.18,
        "prop_count": 3,
        "ruko_count": 1,
        "sewa_count": 1,
        "struk_count": 1,
        "act_count": 0,
        "potential_score": 27.459999084472656,
        "risk_index": 13.42,
        "recommendation": "Zona Penyangga Sekunder: Perdagangan Lokal / Jasa",
        "top_positive_driver": "+6.64 via built_environment_index",
        "top_negative_driver": "-0.06 via spatial_lag_prop_k1"
      }
    },
    {
      "type": "Feature",
      "geometry": {
        "type": "Polygon",
        "coordinates": [
          [
            [
              107.56791795433571,
              -6.928438309918503
            ],
            [
              107.567508747715,
              -6.9267227660266935
            ],
            [
              107.56574782580277,
              -6.926297860062597
            ],
            [
              107.5643961143234,
              -6.9275885257975265
            ],
            [
              107.56480534618541,
              -6.92930407443758
            ],
            [
              107.56656626428591,
              -6.929728952595139
            ],
            [
              107.56791795433571,
              -6.928438309918503
            ]
          ]
        ]
      },
      "properties": {
        "h3_cell": "898c1479907ffff",
        "centroid_lat": -6.92801,
        "centroid_lon": 107.56616,
        "dist_to_transit_km": 3.289,
        "nearest_transit_hub": "Stasiun Ciroyom",
        "transit_accessibility_score": 7.2,
        "prop_count": 1,
        "ruko_count": 1,
        "sewa_count": 1,
        "struk_count": 0,
        "act_count": 0,
        "potential_score": 4.539999961853027,
        "risk_index": 32.89,
        "recommendation": "Zona Penyangga Sekunder: Perdagangan Lokal / Jasa",
        "top_positive_driver": "+0.02 via commercial_pot_ratio",
        "top_negative_driver": "-5.54 via built_environment_index"
      }
    },
    {
      "type": "Feature",
      "geometry": {
        "type": "Polygon",
        "coordinates": [
          [
            [
              107.5820565683933,
              -6.88333695199728
            ],
            [
              107.58164742218639,
              -6.881620615231407
            ],
            [
              107.57988644321836,
              -6.8811952919427535
            ],
            [
              107.57853461425438,
              -6.882486333255478
            ],
            [
              107.57894378571663,
              -6.884202674820441
            ],
            [
              107.58070476088794,
              -6.884627970274245
            ],
            [
              107.5820565683933,
              -6.88333695199728
            ]
          ]
        ]
      },
      "properties": {
        "h3_cell": "898c146b40fffff",
        "centroid_lat": -6.88291,
        "centroid_lon": 107.5803,
        "dist_to_transit_km": 3.062,
        "nearest_transit_hub": "Terminal Ledeng",
        "transit_accessibility_score": 8.63,
        "prop_count": 2,
        "ruko_count": 0,
        "sewa_count": 1,
        "struk_count": 0,
        "act_count": 0,
        "potential_score": 2.9800000190734863,
        "risk_index": 30.62,
        "recommendation": "Zona Penyangga Sekunder: Perdagangan Lokal / Jasa",
        "top_positive_driver": "+0.02 via spatial_lag_ruko_k2",
        "top_negative_driver": "-6.86 via built_environment_index"
      }
    },
    {
      "type": "Feature",
      "geometry": {
        "type": "Polygon",
        "coordinates": [
          [
            [
              107.62318483511851,
              -6.951467184581776
            ],
            [
              107.62277612761308,
              -6.94975248675763
            ],
            [
              107.62101611473315,
              -6.949328120160431
            ],
            [
              107.61966481310748,
              -6.950618479256927
            ],
            [
              107.62007354587668,
              -6.952333181886694
            ],
            [
              107.62183355500822,
              -6.952757520615019
            ],
            [
              107.62318483511851,
              -6.951467184581776
            ]
          ]
        ]
      },
      "properties": {
        "h3_cell": "898c1478203ffff",
        "centroid_lat": -6.95104,
        "centroid_lon": 107.62142,
        "dist_to_transit_km": 3.051,
        "nearest_transit_hub": "Terminal Leuwipanjang",
        "transit_accessibility_score": 8.71,
        "prop_count": 4,
        "ruko_count": 0,
        "sewa_count": 2,
        "struk_count": 0,
        "act_count": 0,
        "potential_score": 2.9700000286102295,
        "risk_index": 30.51,
        "recommendation": "Zona Penyangga Sekunder: Perdagangan Lokal / Jasa",
        "top_positive_driver": "+0.01 via spatial_lag_prop_k2",
        "top_negative_driver": "-6.85 via built_environment_index"
      }
    },
    {
      "type": "Feature",
      "geometry": {
        "type": "Polygon",
        "coordinates": [
          [
            [
              107.62224226655404,
              -6.954472165500734
            ],
            [
              107.62183355500822,
              -6.952757520615019
            ],
            [
              107.62007354587668,
              -6.952333181886694
            ],
            [
              107.61872225204078,
              -6.953623515911701
            ],
            [
              107.61913098884945,
              -6.955338165599646
            ],
            [
              107.62089099423159,
              -6.955762476461001
            ],
            [
              107.62224226655404,
              -6.954472165500734
            ]
          ]
        ]
      },
      "properties": {
        "h3_cell": "898c1478217ffff",
        "centroid_lat": -6.95405,
        "centroid_lon": 107.62048,
        "dist_to_transit_km": 3.026,
        "nearest_transit_hub": "Terminal Leuwipanjang",
        "transit_accessibility_score": 8.89,
        "prop_count": 8,
        "ruko_count": 0,
        "sewa_count": 0,
        "struk_count": 0,
        "act_count": 0,
        "potential_score": 3.8299999237060547,
        "risk_index": 30.26,
        "recommendation": "Zona Penyangga Sekunder: Perdagangan Lokal / Jasa",
        "top_positive_driver": "+0.00 via spatial_lag_ruko_k2",
        "top_negative_driver": "-6.07 via built_environment_index"
      }
    },
    {
      "type": "Feature",
      "geometry": {
        "type": "Polygon",
        "coordinates": [
          [
            [
              107.61856365643483,
              -6.9390390334858045
            ],
            [
              107.61815489333611,
              -6.937324056621366
            ],
            [
              107.61639474474119,
              -6.936899530278889
            ],
            [
              107.61504336299932,
              -6.938190008667724
            ],
            [
              107.61545215136164,
              -6.939904990340445
            ],
            [
              107.61721229620264,
              -6.940329488816686
            ],
            [
              107.61856365643483,
              -6.9390390334858045
            ]
          ]
        ]
      },
      "properties": {
        "h3_cell": "898c1479cd3ffff",
        "centroid_lat": -6.93861,
        "centroid_lon": 107.6168,
        "dist_to_transit_km": 2.142,
        "nearest_transit_hub": "Stasiun Cikudapateuh",
        "transit_accessibility_score": 18.02,
        "prop_count": 1,
        "ruko_count": 0,
        "sewa_count": 0,
        "struk_count": 0,
        "act_count": 0,
        "potential_score": 8.930000305175781,
        "risk_index": 21.42,
        "recommendation": "Zona Penyangga Sekunder: Perdagangan Lokal / Jasa",
        "top_positive_driver": "+0.09 via transit_decay_quad",
        "top_negative_driver": "-2.18 via built_environment_index"
      }
    },
    {
      "type": "Feature",
      "geometry": {
        "type": "Polygon",
        "coordinates": [
          [
            [
              107.65816071123072,
              -6.9033273275575135
            ],
            [
              107.65775223731099,
              -6.901611923438221
            ],
            [
              107.65599244557731,
              -6.901187213692143
            ],
            [
              107.65464113147365,
              -6.902477935989627
            ],
            [
              107.65504963068152,
              -6.90419334499538
            ],
            [
              107.65680941870534,
              -6.904618026817839
            ],
            [
              107.65816071123072,
              -6.9033273275575135
            ]
          ]
        ]
      },
      "properties": {
        "h3_cell": "898c1479203ffff",
        "centroid_lat": -6.9029,
        "centroid_lon": 107.6564,
        "dist_to_transit_km": 0.198,
        "nearest_transit_hub": "Terminal Cicaheum",
        "transit_accessibility_score": 85.35,
        "prop_count": 2,
        "ruko_count": 2,
        "sewa_count": 2,
        "struk_count": 0,
        "act_count": 0,
        "potential_score": 34.56999969482422,
        "risk_index": 1.98,
        "recommendation": "Koridor Komersial: Coworking Space / Kantor Cabang / Bank",
        "top_positive_driver": "+18.71 via built_environment_index",
        "top_negative_driver": "-0.38 via human_activity_index"
      }
    },
    {
      "type": "Feature",
      "geometry": {
        "type": "Polygon",
        "coordinates": [
          [
            [
              107.5559520764569,
              -6.975661260143918
            ],
            [
              107.55554283071076,
              -6.973946568427494
            ],
            [
              107.55378200869018,
              -6.973522113998808
            ],
            [
              107.55243043624029,
              -6.974812379067487
            ],
            [
              107.55283970721433,
              -6.976527075482806
            ],
            [
              107.55460052541079,
              -6.976951502131192
            ],
            [
              107.5559520764569,
              -6.975661260143918
            ]
          ]
        ]
      },
      "properties": {
        "h3_cell": "898c14788bbffff",
        "centroid_lat": -6.97524,
        "centroid_lon": 107.55419,
        "dist_to_transit_km": 5.464,
        "nearest_transit_hub": "Terminal Leuwipanjang",
        "transit_accessibility_score": 1.26,
        "prop_count": 0,
        "ruko_count": 0,
        "sewa_count": 0,
        "struk_count": 1,
        "act_count": 0,
        "potential_score": 10.430000305175781,
        "risk_index": 40.0,
        "recommendation": "Zona Penyangga Sekunder: Perdagangan Lokal / Jasa",
        "top_positive_driver": "+3.99 via human_activity_index",
        "top_negative_driver": "-6.52 via built_environment_index"
      }
    },
    {
      "type": "Feature",
      "geometry": {
        "type": "Polygon",
        "coordinates": [
          [
            [
              107.5504406541253,
              -6.848193788435426
            ],
            [
              107.55003119356293,
              -6.846476535388461
            ],
            [
              107.54826957085176,
              -6.846050666236948
            ],
            [
              107.5469174125369,
              -6.847342077937316
            ],
            [
              107.54732689834526,
              -6.849059335765956
            ],
            [
              107.5490885172229,
              -6.849485177113205
            ],
            [
              107.5504406541253,
              -6.848193788435426
            ]
          ]
        ]
      },
      "properties": {
        "h3_cell": "898c146b363ffff",
        "centroid_lat": -6.84777,
        "centroid_lon": 107.54868,
        "dist_to_transit_km": 4.433,
        "nearest_transit_hub": "Stasiun Cimahi",
        "transit_accessibility_score": 2.88,
        "prop_count": 0,
        "ruko_count": 0,
        "sewa_count": 0,
        "struk_count": 0,
        "act_count": 1,
        "potential_score": 8.489999771118164,
        "risk_index": 40.0,
        "recommendation": "Zona Penyangga Sekunder: Perdagangan Lokal / Jasa",
        "top_positive_driver": "+3.86 via human_activity_index",
        "top_negative_driver": "-6.63 via built_environment_index"
      }
    },
    {
      "type": "Feature",
      "geometry": {
        "type": "Polygon",
        "coordinates": [
          [
            [
              107.61780403610294,
              -6.887117313111914
            ],
            [
              107.6173951981552,
              -6.88540130306298
            ],
            [
              107.61563474430014,
              -6.884976206565405
            ],
            [
              107.6142831321493,
              -6.886267147995333
            ],
            [
              107.61469199536874,
              -6.887983162888407
            ],
            [
              107.61645244546776,
              -6.888408231508049
            ],
            [
              107.61780403610294,
              -6.887117313111914
            ]
          ]
        ]
      },
      "properties": {
        "h3_cell": "898c16b6d63ffff",
        "centroid_lat": -6.88669,
        "centroid_lon": 107.61604,
        "dist_to_transit_km": 3.251,
        "nearest_transit_hub": "Stasiun Bandung (Hall)",
        "transit_accessibility_score": 7.42,
        "prop_count": 1,
        "ruko_count": 1,
        "sewa_count": 0,
        "struk_count": 0,
        "act_count": 0,
        "potential_score": 5.230000019073486,
        "risk_index": 32.51,
        "recommendation": "Zona Penyangga Sekunder: Perdagangan Lokal / Jasa",
        "top_positive_driver": "+0.02 via commercial_pot_ratio",
        "top_negative_driver": "-4.89 via built_environment_index"
      }
    },
    {
      "type": "Feature",
      "geometry": {
        "type": "Polygon",
        "coordinates": [
          [
            [
              107.61177284986535,
              -6.9244688279132305
            ],
            [
              107.611364009943,
              -6.922753514429526
            ],
            [
              107.6096036829075,
              -6.922328793756232
            ],
            [
              107.60825219955679,
              -6.923619414428741
            ],
            [
              107.60866106474192,
              -6.925334732722005
            ],
            [
              107.6104213880154,
              -6.925759425533857
            ],
            [
              107.61177284986535,
              -6.9244688279132305
            ]
          ]
        ]
      },
      "properties": {
        "h3_cell": "898c1479eb3ffff",
        "centroid_lat": -6.92404,
        "centroid_lon": 107.61001,
        "dist_to_transit_km": 1.525,
        "nearest_transit_hub": "Stasiun Bandung (Hall)",
        "transit_accessibility_score": 29.52,
        "prop_count": 4,
        "ruko_count": 0,
        "sewa_count": 1,
        "struk_count": 0,
        "act_count": 0,
        "potential_score": 10.369999885559082,
        "risk_index": 15.25,
        "recommendation": "Zona Penyangga Sekunder: Perdagangan Lokal / Jasa",
        "top_positive_driver": "+0.76 via norm_transit",
        "top_negative_driver": "-1.43 via built_environment_index"
      }
    },
    {
      "type": "Feature",
      "geometry": {
        "type": "Polygon",
        "coordinates": [
          [
            [
              107.61328317542701,
              -6.937765475530519
            ],
            [
              107.61287436584053,
              -6.936050436141039
            ],
            [
              107.6111141355402,
              -6.935625868347115
            ],
            [
              107.60976271858674,
              -6.936916367803378
            ],
            [
              107.61017155343453,
              -6.938631411995014
            ],
            [
              107.61193177997488,
              -6.93905595192888
            ],
            [
              107.61328317542701,
              -6.937765475530519
            ]
          ]
        ]
      },
      "properties": {
        "h3_cell": "898c1479cc7ffff",
        "centroid_lat": -6.93734,
        "centroid_lon": 107.61152,
        "dist_to_transit_km": 2.156,
        "nearest_transit_hub": "Terminal Leuwipanjang",
        "transit_accessibility_score": 17.82,
        "prop_count": 1,
        "ruko_count": 0,
        "sewa_count": 0,
        "struk_count": 0,
        "act_count": 0,
        "potential_score": 6.309999942779541,
        "risk_index": 21.56,
        "recommendation": "Zona Penyangga Sekunder: Perdagangan Lokal / Jasa",
        "top_positive_driver": "+0.02 via spatial_lag_ruko_k2",
        "top_negative_driver": "-4.22 via built_environment_index"
      }
    },
    {
      "type": "Feature",
      "geometry": {
        "type": "Polygon",
        "coordinates": [
          [
            [
              107.52814147562583,
              -7.019047744034716
            ],
            [
              107.52773205158508,
              -7.017333718943134
            ],
            [
              107.52597108575272,
              -7.016909590938934
            ],
            [
              107.52461954781619,
              -7.018199515762392
            ],
            [
              107.52502899706451,
              -7.019913545485179
            ],
            [
              107.52678995904223,
              -7.020337645753949
            ],
            [
              107.52814147562583,
              -7.019047744034716
            ]
          ]
        ]
      },
      "properties": {
        "h3_cell": "898c14630c7ffff",
        "centroid_lat": -7.01862,
        "centroid_lon": 107.52638,
        "dist_to_transit_km": 10.987,
        "nearest_transit_hub": "Terminal Leuwipanjang",
        "transit_accessibility_score": 0.02,
        "prop_count": 0,
        "ruko_count": 0,
        "sewa_count": 0,
        "struk_count": 0,
        "act_count": 1,
        "potential_score": 7.519999980926514,
        "risk_index": 40.0,
        "recommendation": "Zona Penyangga Sekunder: Perdagangan Lokal / Jasa",
        "top_positive_driver": "+3.90 via human_activity_index",
        "top_negative_driver": "-6.89 via built_environment_index"
      }
    },
    {
      "type": "Feature",
      "geometry": {
        "type": "Polygon",
        "coordinates": [
          [
            [
              107.5104898874669,
              -6.993791602145531
            ],
            [
              107.51008028066484,
              -6.992076951226607
            ],
            [
              107.50831892425283,
              -6.991652456056864
            ],
            [
              107.50696717851865,
              -6.992942639526632
            ],
            [
              107.50737681052395,
              -6.994657295071037
            ],
            [
              107.50913816306064,
              -6.995081762520867
            ],
            [
              107.5104898874669,
              -6.993791602145531
            ]
          ]
        ]
      },
      "properties": {
        "h3_cell": "898c146334fffff",
        "centroid_lat": -6.99337,
        "centroid_lon": 107.50873,
        "dist_to_transit_km": 10.788,
        "nearest_transit_hub": "Terminal Leuwipanjang",
        "transit_accessibility_score": 0.02,
        "prop_count": 0,
        "ruko_count": 0,
        "sewa_count": 0,
        "struk_count": 0,
        "act_count": 1,
        "potential_score": 7.53000020980835,
        "risk_index": 40.0,
        "recommendation": "Zona Penyangga Sekunder: Perdagangan Lokal / Jasa",
        "top_positive_driver": "+3.90 via human_activity_index",
        "top_negative_driver": "-6.88 via built_environment_index"
      }
    },
    {
      "type": "Feature",
      "geometry": {
        "type": "Polygon",
        "coordinates": [
          [
            [
              107.63902358518423,
              -6.955285673854124
            ],
            [
              107.63861501715833,
              -6.9535711637389745
            ],
            [
              107.63685524958547,
              -6.953146921629094
            ],
            [
              107.63550405376924,
              -6.954437217522399
            ],
            [
              107.63591264706577,
              -6.9561517324615485
            ],
            [
              107.63767241090831,
              -6.956575946684058
            ],
            [
              107.63902358518423,
              -6.955285673854124
            ]
          ]
        ]
      },
      "properties": {
        "h3_cell": "898c14795b7ffff",
        "centroid_lat": -6.95486,
        "centroid_lon": 107.63726,
        "dist_to_transit_km": 3.473,
        "nearest_transit_hub": "Stasiun Kiaracondong",
        "transit_accessibility_score": 6.21,
        "prop_count": 3,
        "ruko_count": 2,
        "sewa_count": 0,
        "struk_count": 0,
        "act_count": 0,
        "potential_score": 6.949999809265137,
        "risk_index": 34.73,
        "recommendation": "Zona Penyangga Sekunder: Perdagangan Lokal / Jasa",
        "top_positive_driver": "+0.03 via transit_x_comm",
        "top_negative_driver": "-3.21 via built_environment_index"
      }
    },
    {
      "type": "Feature",
      "geometry": {
        "type": "Polygon",
        "coordinates": [
          [
            [
              107.59470211063747,
              -6.915499419004783
            ],
            [
              107.59429311407095,
              -6.913783807516661
            ],
            [
              107.59253249558499,
              -6.913358900160728
            ],
            [
              107.59118087744757,
              -6.914649632136193
            ],
            [
              107.5915898992702,
              -6.916365248417472
            ],
            [
              107.59335051397457,
              -6.91679012793078
            ],
            [
              107.59470211063747,
              -6.915499419004783
            ]
          ]
        ]
      },
      "properties": {
        "h3_cell": "898c1479847ffff",
        "centroid_lat": -6.91507,
        "centroid_lon": 107.59294,
        "dist_to_transit_km": 0.109,
        "nearest_transit_hub": "Stasiun Ciroyom",
        "transit_accessibility_score": 91.65,
        "prop_count": 2,
        "ruko_count": 2,
        "sewa_count": 1,
        "struk_count": 0,
        "act_count": 0,
        "potential_score": 42.38999938964844,
        "risk_index": 1.09,
        "recommendation": "Zona Emas TOD: Retail Modern / Coffee Shop / Fast-Casual F&B",
        "top_positive_driver": "+23.46 via built_environment_index",
        "top_negative_driver": "-0.36 via human_activity_index"
      }
    },
    {
      "type": "Feature",
      "geometry": {
        "type": "Polygon",
        "coordinates": [
          [
            [
              107.60423223817556,
              -6.948513511051288
            ],
            [
              107.60382336596125,
              -6.9467986208434205
            ],
            [
              107.60206306904966,
              -6.9463741230087175
            ],
            [
              107.6007116481228,
              -6.94766454322883
            ],
            [
              107.60112054559237,
              -6.9493794382191645
            ],
            [
              107.60288083873398,
              -6.949803908207566
            ],
            [
              107.60423223817556,
              -6.948513511051288
            ]
          ]
        ]
      },
      "properties": {
        "h3_cell": "898c147834fffff",
        "centroid_lat": -6.94809,
        "centroid_lon": 107.60247,
        "dist_to_transit_km": 0.934,
        "nearest_transit_hub": "Terminal Leuwipanjang",
        "transit_accessibility_score": 47.37,
        "prop_count": 1,
        "ruko_count": 0,
        "sewa_count": 1,
        "struk_count": 0,
        "act_count": 0,
        "potential_score": 16.479999542236328,
        "risk_index": 9.34,
        "recommendation": "Zona Penyangga Sekunder: Perdagangan Lokal / Jasa",
        "top_positive_driver": "+3.72 via built_environment_index",
        "top_negative_driver": "-0.61 via human_activity_index"
      }
    },
    {
      "type": "Feature",
      "geometry": {
        "type": "Polygon",
        "coordinates": [
          [
            [
              107.65533230300676,
              -6.912345246073744
            ],
            [
              107.65492381693241,
              -6.910630000424302
            ],
            [
              107.6531640363313,
              -6.9102053744433745
            ],
            [
              107.65181274551779,
              -6.911496022030484
            ],
            [
              107.65222125687747,
              -6.913211272556198
            ],
            [
              107.65398103376573,
              -6.913635870619186
            ],
            [
              107.65533230300676,
              -6.912345246073744
            ]
          ]
        ]
      },
      "properties": {
        "h3_cell": "898c14792b3ffff",
        "centroid_lat": -6.91192,
        "centroid_lon": 107.65357,
        "dist_to_transit_km": 1.237,
        "nearest_transit_hub": "Terminal Cicaheum",
        "transit_accessibility_score": 37.17,
        "prop_count": 1,
        "ruko_count": 0,
        "sewa_count": 0,
        "struk_count": 0,
        "act_count": 0,
        "potential_score": 13.069999694824219,
        "risk_index": 12.37,
        "recommendation": "Zona Penyangga Sekunder: Perdagangan Lokal / Jasa",
        "top_positive_driver": "+1.11 via norm_transit",
        "top_negative_driver": "-0.64 via human_activity_index"
      }
    },
    {
      "type": "Feature",
      "geometry": {
        "type": "Polygon",
        "coordinates": [
          [
            [
              107.71489406656637,
              -6.939640605979069
            ],
            [
              107.71448612269191,
              -6.937926323725402
            ],
            [
              107.71272734125318,
              -6.9375023071986455
            ],
            [
              107.71137650733392,
              -6.938792600910441
            ],
            [
              107.71178447651722,
              -6.940506888100211
            ],
            [
              107.71354325431136,
              -6.940930876642715
            ],
            [
              107.71489406656637,
              -6.939640605979069
            ]
          ]
        ]
      },
      "properties": {
        "h3_cell": "898c144cc2fffff",
        "centroid_lat": -6.93922,
        "centroid_lon": 107.71314,
        "dist_to_transit_km": 1.319,
        "nearest_transit_hub": "Stasiun Cimekar",
        "transit_accessibility_score": 34.81,
        "prop_count": 3,
        "ruko_count": 0,
        "sewa_count": 1,
        "struk_count": 0,
        "act_count": 0,
        "potential_score": 12.119999885559082,
        "risk_index": 13.19,
        "recommendation": "Zona Penyangga Sekunder: Perdagangan Lokal / Jasa",
        "top_positive_driver": "+1.16 via norm_transit",
        "top_negative_driver": "-0.66 via human_activity_index"
      }
    },
    {
      "type": "Feature",
      "geometry": {
        "type": "Polygon",
        "coordinates": [
          [
            [
              107.59395451416654,
              -6.954116508631354
            ],
            [
              107.59354556215916,
              -6.952401657041647
            ],
            [
              107.5917851522568,
              -6.951977166603692
            ],
            [
              107.59043369814371,
              -6.953267555588406
            ],
            [
              107.59084267540055,
              -6.954982411942901
            ],
            [
              107.59260308152142,
              -6.955406874548555
            ],
            [
              107.59395451416654,
              -6.954116508631354
            ]
          ]
        ]
      },
      "properties": {
        "h3_cell": "898c147832bffff",
        "centroid_lat": -6.95369,
        "centroid_lon": 107.59219,
        "dist_to_transit_km": 0.851,
        "nearest_transit_hub": "Terminal Leuwipanjang",
        "transit_accessibility_score": 50.62,
        "prop_count": 1,
        "ruko_count": 1,
        "sewa_count": 1,
        "struk_count": 0,
        "act_count": 0,
        "potential_score": 21.059999465942383,
        "risk_index": 8.51,
        "recommendation": "Zona Penyangga Sekunder: Perdagangan Lokal / Jasa",
        "top_positive_driver": "+8.60 via built_environment_index",
        "top_negative_driver": "-0.57 via human_activity_index"
      }
    },
    {
      "type": "Feature",
      "geometry": {
        "type": "Polygon",
        "coordinates": [
          [
            [
              107.59772453902167,
              -6.942095069808939
            ],
            [
              107.5973156031448,
              -6.94038000645635
            ],
            [
              107.59555517812639,
              -6.939955404670255
            ],
            [
              107.59420369276276,
              -6.941245894077304
            ],
            [
              107.59461265389288,
              -6.942960962208233
            ],
            [
              107.5963730751338,
              -6.943385536154447
            ],
            [
              107.59772453902167,
              -6.942095069808939
            ]
          ]
        ]
      },
      "properties": {
        "h3_cell": "898c1479ddbffff",
        "centroid_lat": -6.94167,
        "centroid_lon": 107.59596,
        "dist_to_transit_km": 0.55,
        "nearest_transit_hub": "Terminal Leuwipanjang",
        "transit_accessibility_score": 64.4,
        "prop_count": 3,
        "ruko_count": 1,
        "sewa_count": 0,
        "struk_count": 0,
        "act_count": 0,
        "potential_score": 25.440000534057617,
        "risk_index": 5.5,
        "recommendation": "Zona Penyangga Sekunder: Perdagangan Lokal / Jasa",
        "top_positive_driver": "+12.76 via built_environment_index",
        "top_negative_driver": "-0.43 via human_activity_index"
      }
    },
    {
      "type": "Feature",
      "geometry": {
        "type": "Polygon",
        "coordinates": [
          [
            [
              107.5974402621239,
              -6.933944055580741
            ],
            [
              107.59703131309254,
              -6.932228828691233
            ],
            [
              107.59527083782135,
              -6.931804136582045
            ],
            [
              107.59391931535994,
              -6.933094699204518
            ],
            [
              107.5943282896457,
              -6.934809930877761
            ],
            [
              107.59608876113886,
              -6.93523459514544
            ],
            [
              107.5974402621239,
              -6.933944055580741
            ]
          ]
        ]
      },
      "properties": {
        "h3_cell": "898c1479c2fffff",
        "centroid_lat": -6.93352,
        "centroid_lon": 107.59568,
        "dist_to_transit_km": 1.43,
        "nearest_transit_hub": "Terminal Leuwipanjang",
        "transit_accessibility_score": 31.85,
        "prop_count": 4,
        "ruko_count": 3,
        "sewa_count": 1,
        "struk_count": 0,
        "act_count": 0,
        "potential_score": 20.6299991607666,
        "risk_index": 14.3,
        "recommendation": "Koridor Komersial: Coworking Space / Kantor Cabang / Bank",
        "top_positive_driver": "+8.66 via built_environment_index",
        "top_negative_driver": "-0.58 via human_activity_index"
      }
    },
    {
      "type": "Feature",
      "geometry": {
        "type": "Polygon",
        "coordinates": [
          [
            [
              107.60130061475138,
              -6.894453365951663
            ],
            [
              107.60089164642548,
              -6.8927373845467805
            ],
            [
              107.59913100149626,
              -6.892312282239506
            ],
            [
              107.59777932866797,
              -6.893603189193629
            ],
            [
              107.59818832225653,
              -6.895319175415399
            ],
            [
              107.59994896341114,
              -6.895744249866818
            ],
            [
              107.60130061475138,
              -6.894453365951663
            ]
          ]
        ]
      },
      "properties": {
        "h3_cell": "898c1479a47ffff",
        "centroid_lat": -6.89403,
        "centroid_lon": 107.59954,
        "dist_to_transit_km": 2.089,
        "nearest_transit_hub": "Stasiun Bandung (Hall)",
        "transit_accessibility_score": 18.8,
        "prop_count": 3,
        "ruko_count": 0,
        "sewa_count": 3,
        "struk_count": 0,
        "act_count": 0,
        "potential_score": 6.599999904632568,
        "risk_index": 20.89,
        "recommendation": "Zona Penyangga Sekunder: Perdagangan Lokal / Jasa",
        "top_positive_driver": "+0.08 via transit_decay_quad",
        "top_negative_driver": "-3.99 via built_environment_index"
      }
    },
    {
      "type": "Feature",
      "geometry": {
        "type": "Polygon",
        "coordinates": [
          [
            [
              107.69077490357309,
              -6.9079637413600565
            ],
            [
              107.69036671292419,
              -6.906248660197536
            ],
            [
              107.688607409489,
              -6.905824171010458
            ],
            [
              107.68725630037586,
              -6.907114790949058
            ],
            [
              107.6876645163275,
              -6.908829877038207
            ],
            [
              107.68942381608996,
              -6.909254338262777
            ],
            [
              107.69077490357309,
              -6.9079637413600565
            ]
          ]
        ]
      },
      "properties": {
        "h3_cell": "898c144cb77ffff",
        "centroid_lat": -6.90754,
        "centroid_lon": 107.68902,
        "dist_to_transit_km": 3.543,
        "nearest_transit_hub": "Terminal Cicaheum",
        "transit_accessibility_score": 5.88,
        "prop_count": 2,
        "ruko_count": 1,
        "sewa_count": 0,
        "struk_count": 0,
        "act_count": 0,
        "potential_score": 4.159999847412109,
        "risk_index": 35.43,
        "recommendation": "Zona Penyangga Sekunder: Perdagangan Lokal / Jasa",
        "top_positive_driver": "+0.02 via spatial_lag_ruko_k2",
        "top_negative_driver": "-5.81 via built_environment_index"
      }
    },
    {
      "type": "Feature",
      "geometry": {
        "type": "Polygon",
        "coordinates": [
          [
            [
              107.61742880574812,
              -6.906432043197218
            ],
            [
              107.61701999005962,
              -6.904716412552061
            ],
            [
              107.61525964047308,
              -6.9042915246703735
            ],
            [
              107.6139081103315,
              -6.905582295307277
            ],
            [
              107.61431695128834,
              -6.9072979307823585
            ],
            [
              107.61607729711888,
              -6.907722790791253
            ],
            [
              107.61742880574812,
              -6.906432043197218
            ]
          ]
        ]
      },
      "properties": {
        "h3_cell": "898c1479e4fffff",
        "centroid_lat": -6.90601,
        "centroid_lon": 107.61567,
        "dist_to_transit_km": 1.638,
        "nearest_transit_hub": "Stasiun Bandung (Hall)",
        "transit_accessibility_score": 26.97,
        "prop_count": 2,
        "ruko_count": 0,
        "sewa_count": 1,
        "struk_count": 0,
        "act_count": 0,
        "potential_score": 10.729999542236328,
        "risk_index": 16.38,
        "recommendation": "Zona Penyangga Sekunder: Perdagangan Lokal / Jasa",
        "top_positive_driver": "+0.47 via norm_transit",
        "top_negative_driver": "-1.17 via built_environment_index"
      }
    },
    {
      "type": "Feature",
      "geometry": {
        "type": "Polygon",
        "coordinates": [
          [
            [
              107.61243160842659,
              -6.9133105095370375
            ],
            [
              107.61202275939222,
              -6.911594979761076
            ],
            [
              107.61026237834348,
              -6.911170140860971
            ],
            [
              107.60891085009106,
              -6.912460859602462
            ],
            [
              107.60931972439033,
              -6.9141763941968035
            ],
            [
              107.61108010167754,
              -6.914601205231931
            ],
            [
              107.61243160842659,
              -6.9133105095370375
            ]
          ]
        ]
      },
      "properties": {
        "h3_cell": "898c1479e0fffff",
        "centroid_lat": -6.91289,
        "centroid_lon": 107.61067,
        "dist_to_transit_km": 0.914,
        "nearest_transit_hub": "Stasiun Bandung (Hall)",
        "transit_accessibility_score": 48.13,
        "prop_count": 1,
        "ruko_count": 0,
        "sewa_count": 1,
        "struk_count": 0,
        "act_count": 0,
        "potential_score": 17.5,
        "risk_index": 9.14,
        "recommendation": "Zona Penyangga Sekunder: Perdagangan Lokal / Jasa",
        "top_positive_driver": "+5.08 via built_environment_index",
        "top_negative_driver": "-0.65 via human_activity_index"
      }
    },
    {
      "type": "Feature",
      "geometry": {
        "type": "Polygon",
        "coordinates": [
          [
            [
              107.64213447049205,
              -6.954419606451429
            ],
            [
              107.64172592773839,
              -6.952705101165038
            ],
            [
              107.63996619920792,
              -6.952280865862783
            ],
            [
              107.63861501715833,
              -6.9535711637389745
            ],
            [
              107.63902358518423,
              -6.955285673854124
            ],
            [
              107.64078330998788,
              -6.95570988126498
            ],
            [
              107.64213447049205,
              -6.954419606451429
            ]
          ]
        ]
      },
      "properties": {
        "h3_cell": "898c14795b3ffff",
        "centroid_lat": -6.954,
        "centroid_lon": 107.64037,
        "dist_to_transit_km": 3.294,
        "nearest_transit_hub": "Stasiun Kiaracondong",
        "transit_accessibility_score": 7.17,
        "prop_count": 1,
        "ruko_count": 0,
        "sewa_count": 1,
        "struk_count": 0,
        "act_count": 0,
        "potential_score": 3.8499999046325684,
        "risk_index": 32.94,
        "recommendation": "Zona Penyangga Sekunder: Perdagangan Lokal / Jasa",
        "top_positive_driver": "+0.02 via commercial_pot_ratio",
        "top_negative_driver": "-6.05 via built_environment_index"
      }
    },
    {
      "type": "Feature",
      "geometry": {
        "type": "Polygon",
        "coordinates": [
          [
            [
              107.6737153196708,
              -6.898997111663113
            ],
            [
              107.67330697221581,
              -6.897281732047586
            ],
            [
              107.67154737613191,
              -6.896857055967866
            ],
            [
              107.67019613119572,
              -6.89814778744809
            ],
            [
              107.67060450394688,
              -6.899863171973899
            ],
            [
              107.67236409633848,
              -6.900287820109858
            ],
            [
              107.6737153196708,
              -6.898997111663113
            ]
          ]
        ]
      },
      "properties": {
        "h3_cell": "898c16b6533ffff",
        "centroid_lat": -6.89857,
        "centroid_lon": 107.67196,
        "dist_to_transit_km": 1.629,
        "nearest_transit_hub": "Terminal Cicaheum",
        "transit_accessibility_score": 27.17,
        "prop_count": 2,
        "ruko_count": 0,
        "sewa_count": 0,
        "struk_count": 0,
        "act_count": 0,
        "potential_score": 11.710000038146973,
        "risk_index": 16.29,
        "recommendation": "Zona Penyangga Sekunder: Perdagangan Lokal / Jasa",
        "top_positive_driver": "+0.44 via norm_transit",
        "top_negative_driver": "-0.68 via human_activity_index"
      }
    },
    {
      "type": "Feature",
      "geometry": {
        "type": "Polygon",
        "coordinates": [
          [
            [
              107.58234132744553,
              -6.8914928852409405
            ],
            [
              107.58193219440362,
              -6.889776711716695
            ],
            [
              107.58017126571211,
              -6.889351478671622
            ],
            [
              107.57881947385913,
              -6.8906424469846845
            ],
            [
              107.57922863215519,
              -6.892358625302602
            ],
            [
              107.5809895570505,
              -6.892783830514446
            ],
            [
              107.58234132744553,
              -6.8914928852409405
            ]
          ]
        ]
      },
      "properties": {
        "h3_cell": "898c146b4bbffff",
        "centroid_lat": -6.89107,
        "centroid_lon": 107.58058,
        "dist_to_transit_km": 2.889,
        "nearest_transit_hub": "Stasiun Ciroyom",
        "transit_accessibility_score": 9.91,
        "prop_count": 1,
        "ruko_count": 0,
        "sewa_count": 1,
        "struk_count": 0,
        "act_count": 0,
        "potential_score": 4.210000038146973,
        "risk_index": 28.89,
        "recommendation": "Zona Penyangga Sekunder: Perdagangan Lokal / Jasa",
        "top_positive_driver": "+0.02 via spatial_lag_ruko_k2",
        "top_negative_driver": "-5.81 via built_environment_index"
      }
    },
    {
      "type": "Feature",
      "geometry": {
        "type": "Polygon",
        "coordinates": [
          [
            [
              107.59583950290848,
              -6.948105945313861
            ],
            [
              107.59543055896565,
              -6.946390987828659
            ],
            [
              107.59367014150325,
              -6.945966441720432
            ],
            [
              107.59231867176362,
              -6.9472568809341375
            ],
            [
              107.59272764095779,
              -6.9489718431908996
            ],
            [
              107.59448805464068,
              -6.949396361463046
            ],
            [
              107.59583950290848,
              -6.948105945313861
            ]
          ]
        ]
      },
      "properties": {
        "h3_cell": "898c147836fffff",
        "centroid_lat": -6.94768,
        "centroid_lon": 107.59408,
        "dist_to_transit_km": 0.154,
        "nearest_transit_hub": "Terminal Leuwipanjang",
        "transit_accessibility_score": 88.41,
        "prop_count": 5,
        "ruko_count": 4,
        "sewa_count": 4,
        "struk_count": 0,
        "act_count": 0,
        "potential_score": 39.689998626708984,
        "risk_index": 1.54,
        "recommendation": "Zona Emas TOD: Retail Modern / Coffee Shop / Fast-Casual F&B",
        "top_positive_driver": "+22.09 via built_environment_index",
        "top_negative_driver": "-0.37 via human_activity_index"
      }
    },
    {
      "type": "Feature",
      "geometry": {
        "type": "Polygon",
        "coordinates": [
          [
            [
              107.63996619920792,
              -6.952280865862783
            ],
            [
              107.63955763522732,
              -6.950566302815487
            ],
            [
              107.63779786392512,
              -6.950142032816342
            ],
            [
              107.63644666033329,
              -6.951432353754418
            ],
            [
              107.63685524958547,
              -6.953146921629094
            ],
            [
              107.63861501715833,
              -6.9535711637389745
            ],
            [
              107.63996619920792,
              -6.952280865862783
            ]
          ]
        ]
      },
      "properties": {
        "h3_cell": "898c14795a3ffff",
        "centroid_lat": -6.95186,
        "centroid_lon": 107.63821,
        "dist_to_transit_km": 3.123,
        "nearest_transit_hub": "Stasiun Kiaracondong",
        "transit_accessibility_score": 8.22,
        "prop_count": 4,
        "ruko_count": 0,
        "sewa_count": 1,
        "struk_count": 0,
        "act_count": 0,
        "potential_score": 4.28000020980835,
        "risk_index": 31.23,
        "recommendation": "Zona Penyangga Sekunder: Perdagangan Lokal / Jasa",
        "top_positive_driver": "+0.01 via commercial_pot_ratio",
        "top_negative_driver": "-5.72 via built_environment_index"
      }
    },
    {
      "type": "Feature",
      "geometry": {
        "type": "Polygon",
        "coordinates": [
          [
            [
              107.57565535124675,
              -6.940004997280589
            ],
            [
              107.57524622546846,
              -6.938289737004992
            ],
            [
              107.57348547797501,
              -6.9378649972967095
            ],
            [
              107.57213386006289,
              -6.939155545677928
            ],
            [
              107.57254301108428,
              -6.940870810703898
            ],
            [
              107.5743037547751,
              -6.941295522598939
            ],
            [
              107.57565535124675,
              -6.940004997280589
            ]
          ]
        ]
      },
      "properties": {
        "h3_cell": "898c1479d2fffff",
        "centroid_lat": -6.93958,
        "centroid_lon": 107.57389,
        "dist_to_transit_km": 2.363,
        "nearest_transit_hub": "Terminal Leuwipanjang",
        "transit_accessibility_score": 15.1,
        "prop_count": 3,
        "ruko_count": 0,
        "sewa_count": 1,
        "struk_count": 0,
        "act_count": 0,
        "potential_score": 5.960000038146973,
        "risk_index": 23.63,
        "recommendation": "Zona Penyangga Sekunder: Perdagangan Lokal / Jasa",
        "top_positive_driver": "+0.03 via spatial_lag_prop_k2",
        "top_negative_driver": "-4.32 via built_environment_index"
      }
    },
    {
      "type": "Feature",
      "geometry": {
        "type": "Polygon",
        "coordinates": [
          [
            [
              107.62799023803679,
              -6.908980955762847
            ],
            [
              107.62758151535108,
              -6.907265450150235
            ],
            [
              107.62582132927164,
              -6.9068406450413065
            ],
            [
              107.62446986962229,
              -6.908131373430799
            ],
            [
              107.62487861758096,
              -6.909846883885618
            ],
            [
              107.62663879991642,
              -6.9102716611093875
            ],
            [
              107.62799023803679,
              -6.908980955762847
            ]
          ]
        ]
      },
      "properties": {
        "h3_cell": "898c1479323ffff",
        "centroid_lat": -6.90856,
        "centroid_lon": 107.62623,
        "dist_to_transit_km": 1.421,
        "nearest_transit_hub": "Stasiun Cikudapateuh",
        "transit_accessibility_score": 32.08,
        "prop_count": 1,
        "ruko_count": 0,
        "sewa_count": 0,
        "struk_count": 0,
        "act_count": 0,
        "potential_score": 11.170000076293945,
        "risk_index": 14.21,
        "recommendation": "Zona Penyangga Sekunder: Perdagangan Lokal / Jasa",
        "top_positive_driver": "+0.89 via norm_transit",
        "top_negative_driver": "-0.95 via built_environment_index"
      }
    },
    {
      "type": "Feature",
      "geometry": {
        "type": "Polygon",
        "coordinates": [
          [
            [
              107.62157514904226,
              -6.875089033524952
            ],
            [
              107.62116632725998,
              -6.87337281234621
            ],
            [
              107.61940585839066,
              -6.8729476043180195
            ],
            [
              107.61805421505613,
              -6.874238645354706
            ],
            [
              107.61846306211388,
              -6.875954871391172
            ],
            [
              107.6202235272311,
              -6.876380051533879
            ],
            [
              107.62157514904226,
              -6.875089033524952
            ]
          ]
        ]
      },
      "properties": {
        "h3_cell": "898c16b6833ffff",
        "centroid_lat": -6.87466,
        "centroid_lon": 107.61981,
        "dist_to_transit_km": 3.38,
        "nearest_transit_hub": "Terminal Ledeng",
        "transit_accessibility_score": 6.69,
        "prop_count": 1,
        "ruko_count": 1,
        "sewa_count": 1,
        "struk_count": 0,
        "act_count": 0,
        "potential_score": 5.039999961853027,
        "risk_index": 33.8,
        "recommendation": "Zona Penyangga Sekunder: Perdagangan Lokal / Jasa",
        "top_positive_driver": "+0.03 via commercial_pot_ratio",
        "top_negative_driver": "-5.02 via built_environment_index"
      }
    },
    {
      "type": "Feature",
      "geometry": {
        "type": "Polygon",
        "coordinates": [
          [
            [
              107.56848817506713,
              -6.944742353269868
            ],
            [
              107.56807899477946,
              -6.943027136441248
            ],
            [
              107.56631817340183,
              -6.942602410920983
            ],
            [
              107.56496653612297,
              -6.943892930033259
            ],
            [
              107.56537574164955,
              -6.9456081515993455
            ],
            [
              107.56713655921654,
              -6.946032849316346
            ],
            [
              107.56848817506713,
              -6.944742353269868
            ]
          ]
        ]
      },
      "properties": {
        "h3_cell": "898c1478a57ffff",
        "centroid_lat": -6.94432,
        "centroid_lon": 107.56673,
        "dist_to_transit_km": 3.04,
        "nearest_transit_hub": "Terminal Leuwipanjang",
        "transit_accessibility_score": 8.79,
        "prop_count": 2,
        "ruko_count": 1,
        "sewa_count": 0,
        "struk_count": 0,
        "act_count": 0,
        "potential_score": 7.949999809265137,
        "risk_index": 30.4,
        "recommendation": "Zona Penyangga Sekunder: Perdagangan Lokal / Jasa",
        "top_positive_driver": "+0.06 via transit_x_comm",
        "top_negative_driver": "-2.44 via built_environment_index"
      }
    },
    {
      "type": "Feature",
      "geometry": {
        "type": "Polygon",
        "coordinates": [
          [
            [
              107.64977010279536,
              -6.902919216719173
            ],
            [
              107.64936155706552,
              -6.90120374513542
            ],
            [
              107.6476016443342,
              -6.900778987252943
            ],
            [
              107.64625028105256,
              -6.90206972886827
            ],
            [
              107.64665885206664,
              -6.90378520532759
            ],
            [
              107.64841876107857,
              -6.904209935296673
            ],
            [
              107.64977010279536,
              -6.902919216719173
            ]
          ]
        ]
      },
      "properties": {
        "h3_cell": "898c1479223ffff",
        "centroid_lat": -6.90249,
        "centroid_lon": 107.64801,
        "dist_to_transit_km": 1.053,
        "nearest_transit_hub": "Terminal Cicaheum",
        "transit_accessibility_score": 43.07,
        "prop_count": 1,
        "ruko_count": 0,
        "sewa_count": 0,
        "struk_count": 0,
        "act_count": 0,
        "potential_score": 20.700000762939453,
        "risk_index": 10.53,
        "recommendation": "Zona Penyangga Sekunder: Perdagangan Lokal / Jasa",
        "top_positive_driver": "+8.22 via built_environment_index",
        "top_negative_driver": "-0.58 via human_activity_index"
      }
    },
    {
      "type": "Feature",
      "geometry": {
        "type": "Polygon",
        "coordinates": [
          [
            [
              107.62270964453036,
              -6.907706561567504
            ],
            [
              107.62230087534174,
              -6.905990993432353
            ],
            [
              107.62054060749664,
              -6.905566146933785
            ],
            [
              107.61918911259059,
              -6.906856896449985
            ],
            [
              107.61959790704988,
              -6.90857246942121
            ],
            [
              107.62135817114499,
              -6.9089972880407995
            ],
            [
              107.62270964453036,
              -6.907706561567504
            ]
          ]
        ]
      },
      "properties": {
        "h3_cell": "898c1479e5bffff",
        "centroid_lat": -6.90728,
        "centroid_lon": 107.62095,
        "dist_to_transit_km": 1.631,
        "nearest_transit_hub": "Stasiun Cikudapateuh",
        "transit_accessibility_score": 27.12,
        "prop_count": 3,
        "ruko_count": 0,
        "sewa_count": 1,
        "struk_count": 0,
        "act_count": 0,
        "potential_score": 10.829999923706055,
        "risk_index": 16.31,
        "recommendation": "Zona Penyangga Sekunder: Perdagangan Lokal / Jasa",
        "top_positive_driver": "+0.47 via norm_transit",
        "top_negative_driver": "-1.05 via built_environment_index"
      }
    },
    {
      "type": "Feature",
      "geometry": {
        "type": "Polygon",
        "coordinates": [
          [
            [
              107.5957499556532,
              -6.975557809853863
            ],
            [
              107.59534104713762,
              -6.973843396368484
            ],
            [
              107.59358078419169,
              -6.97341914908226
            ],
            [
              107.59222943354072,
              -6.974709343111322
            ],
            [
              107.59263836730315,
              -6.976423761348685
            ],
            [
              107.59439862647012,
              -6.976847980805668
            ],
            [
              107.5957499556532,
              -6.975557809853863
            ]
          ]
        ]
      },
      "properties": {
        "h3_cell": "898c147810bffff",
        "centroid_lat": -6.97513,
        "centroid_lon": 107.59399,
        "dist_to_transit_km": 3.206,
        "nearest_transit_hub": "Terminal Leuwipanjang",
        "transit_accessibility_score": 7.69,
        "prop_count": 0,
        "ruko_count": 0,
        "sewa_count": 0,
        "struk_count": 0,
        "act_count": 1,
        "potential_score": 10.239999771118164,
        "risk_index": 32.06,
        "recommendation": "Zona Penyangga Sekunder: Perdagangan Lokal / Jasa",
        "top_positive_driver": "+3.60 via human_activity_index",
        "top_negative_driver": "-5.91 via built_environment_index"
      }
    },
    {
      "type": "Feature",
      "geometry": {
        "type": "Polygon",
        "coordinates": [
          [
            [
              107.5986670748418,
              -6.9390895150260565
            ],
            [
              107.59825814299843,
              -6.937374398750299
            ],
            [
              107.59649771420348,
              -6.936949769122451
            ],
            [
              107.59514622102884,
              -6.9382402836127754
            ],
            [
              107.59555517812639,
              -6.939955404670255
            ],
            [
              107.5973156031448,
              -6.94038000645635
            ],
            [
              107.5986670748418,
              -6.9390895150260565
            ]
          ]
        ]
      },
      "properties": {
        "h3_cell": "898c1479c37ffff",
        "centroid_lat": -6.93866,
        "centroid_lon": 107.59691,
        "dist_to_transit_km": 0.9,
        "nearest_transit_hub": "Terminal Leuwipanjang",
        "transit_accessibility_score": 48.68,
        "prop_count": 1,
        "ruko_count": 1,
        "sewa_count": 0,
        "struk_count": 0,
        "act_count": 0,
        "potential_score": 20.40999984741211,
        "risk_index": 9.0,
        "recommendation": "Zona Penyangga Sekunder: Perdagangan Lokal / Jasa",
        "top_positive_driver": "+7.97 via built_environment_index",
        "top_negative_driver": "-0.59 via human_activity_index"
      }
    },
    {
      "type": "Feature",
      "geometry": {
        "type": "Polygon",
        "coordinates": [
          [
            [
              107.63798437661718,
              -6.895223686994579
            ],
            [
              107.63757572066486,
              -6.893507979805654
            ],
            [
              107.63581559770056,
              -6.893083076607855
            ],
            [
              107.63446413442195,
              -6.894373908500404
            ],
            [
              107.63487281565419,
              -6.896089620554646
            ],
            [
              107.63663293488555,
              -6.8965144958516555
            ],
            [
              107.63798437661718,
              -6.895223686994579
            ]
          ]
        ]
      },
      "properties": {
        "h3_cell": "898c16b6ca3ffff",
        "centroid_lat": -6.8948,
        "centroid_lon": 107.63622,
        "dist_to_transit_km": 2.464,
        "nearest_transit_hub": "Terminal Cicaheum",
        "transit_accessibility_score": 13.93,
        "prop_count": 1,
        "ruko_count": 0,
        "sewa_count": 0,
        "struk_count": 0,
        "act_count": 0,
        "potential_score": 4.820000171661377,
        "risk_index": 24.64,
        "recommendation": "Zona Penyangga Sekunder: Perdagangan Lokal / Jasa",
        "top_positive_driver": "+0.02 via spatial_lag_ruko_k2",
        "top_negative_driver": "-5.40 via built_environment_index"
      }
    },
    {
      "type": "Feature",
      "geometry": {
        "type": "Polygon",
        "coordinates": [
          [
            [
              107.61337427393943,
              -6.910304259076576
            ],
            [
              107.61296542894362,
              -6.9085886764475255
            ],
            [
              107.61120504413437,
              -6.908163809680568
            ],
            [
              107.60985350808184,
              -6.909454553410163
            ],
            [
              107.61026237834348,
              -6.911170140860971
            ],
            [
              107.61202275939222,
              -6.911594979761076
            ],
            [
              107.61337427393943,
              -6.910304259076576
            ]
          ]
        ]
      },
      "properties": {
        "h3_cell": "898c1479e73ffff",
        "centroid_lat": -6.90988,
        "centroid_lon": 107.61161,
        "dist_to_transit_km": 1.061,
        "nearest_transit_hub": "Stasiun Bandung (Hall)",
        "transit_accessibility_score": 42.79,
        "prop_count": 1,
        "ruko_count": 1,
        "sewa_count": 0,
        "struk_count": 1,
        "act_count": 0,
        "potential_score": 27.670000076293945,
        "risk_index": 10.61,
        "recommendation": "Zona Penyangga Sekunder: Perdagangan Lokal / Jasa",
        "top_positive_driver": "+6.57 via built_environment_index",
        "top_negative_driver": "-0.04 via transit_x_civic"
      }
    },
    {
      "type": "Feature",
      "geometry": {
        "type": "Polygon",
        "coordinates": [
          [
            [
              107.5672606170135,
              -6.93959659215656
            ],
            [
              107.56685141953508,
              -6.937881264704794
            ],
            [
              107.56509055170272,
              -6.937456476764864
            ],
            [
              107.56373888516137,
              -6.9387470440803884
            ],
            [
              107.56414810787895,
              -6.94046237627163
            ],
            [
              107.56590897189915,
              -6.94088713640854
            ],
            [
              107.5672606170135,
              -6.93959659215656
            ]
          ]
        ]
      },
      "properties": {
        "h3_cell": "898c1478a4fffff",
        "centroid_lat": -6.93917,
        "centroid_lon": 107.5655,
        "dist_to_transit_km": 3.266,
        "nearest_transit_hub": "Terminal Leuwipanjang",
        "transit_accessibility_score": 7.33,
        "prop_count": 4,
        "ruko_count": 2,
        "sewa_count": 0,
        "struk_count": 0,
        "act_count": 0,
        "potential_score": 11.529999732971191,
        "risk_index": 32.66,
        "recommendation": "Zona Penyangga Sekunder: Perdagangan Lokal / Jasa",
        "top_positive_driver": "+0.85 via built_environment_index",
        "top_negative_driver": "-0.85 via norm_transit"
      }
    },
    {
      "type": "Feature",
      "geometry": {
        "type": "Polygon",
        "coordinates": [
          [
            [
              107.57594023961599,
              -6.948156130683845
            ],
            [
              107.57553112700047,
              -6.946441033982932
            ],
            [
              107.57377042976826,
              -6.946016384526499
            ],
            [
              107.57241884895407,
              -6.947306859583247
            ],
            [
              107.57282798681146,
              -6.949021961029155
            ],
            [
              107.57458868024158,
              -6.949446582673977
            ],
            [
              107.57594023961599,
              -6.948156130683845
            ]
          ]
        ]
      },
      "properties": {
        "h3_cell": "898c1478adbffff",
        "centroid_lat": -6.94773,
        "centroid_lon": 107.57418,
        "dist_to_transit_km": 2.216,
        "nearest_transit_hub": "Terminal Leuwipanjang",
        "transit_accessibility_score": 16.99,
        "prop_count": 12,
        "ruko_count": 0,
        "sewa_count": 7,
        "struk_count": 0,
        "act_count": 0,
        "potential_score": 6.650000095367432,
        "risk_index": 22.16,
        "recommendation": "Zona Penyangga Sekunder: Perdagangan Lokal / Jasa",
        "top_positive_driver": "+0.03 via commercial_pot_ratio",
        "top_negative_driver": "-3.91 via built_environment_index"
      }
    },
    {
      "type": "Feature",
      "geometry": {
        "type": "Polygon",
        "coordinates": [
          [
            [
              107.58659250145367,
              -6.9232435374197765
            ],
            [
              107.5861834463147,
              -6.92152802211755
            ],
            [
              107.58442275758934,
              -6.921103156883713
            ],
            [
              107.583071127794,
              -6.922393834783537
            ],
            [
              107.58348020818396,
              -6.924109354862614
            ],
            [
              107.5852408931187,
              -6.924534192265681
            ],
            [
              107.58659250145367,
              -6.9232435374197765
            ]
          ]
        ]
      },
      "properties": {
        "h3_cell": "898c1479833ffff",
        "centroid_lat": -6.92282,
        "centroid_lon": 107.58483,
        "dist_to_transit_km": 1.279,
        "nearest_transit_hub": "Stasiun Ciroyom",
        "transit_accessibility_score": 35.94,
        "prop_count": 5,
        "ruko_count": 2,
        "sewa_count": 2,
        "struk_count": 0,
        "act_count": 0,
        "potential_score": 20.170000076293945,
        "risk_index": 12.79,
        "recommendation": "Koridor Komersial: Coworking Space / Kantor Cabang / Bank",
        "top_positive_driver": "+7.92 via built_environment_index",
        "top_negative_driver": "-0.59 via human_activity_index"
      }
    },
    {
      "type": "Feature",
      "geometry": {
        "type": "Polygon",
        "coordinates": [
          [
            [
              107.60658233970813,
              -6.895728527719946
            ],
            [
              107.60617341787514,
              -6.894012608780504
            ],
            [
              107.60441285461762,
              -6.893587547818002
            ],
            [
              107.6030612169621,
              -6.894878433657656
            ],
            [
              107.60347016406007,
              -6.896594357420138
            ],
            [
              107.605230723549,
              -6.897019390520598
            ],
            [
              107.60658233970813,
              -6.895728527719946
            ]
          ]
        ]
      },
      "properties": {
        "h3_cell": "898c1479a53ffff",
        "centroid_lat": -6.8953,
        "centroid_lon": 107.60482,
        "dist_to_transit_km": 1.942,
        "nearest_transit_hub": "Stasiun Bandung (Hall)",
        "transit_accessibility_score": 21.15,
        "prop_count": 1,
        "ruko_count": 1,
        "sewa_count": 1,
        "struk_count": 0,
        "act_count": 0,
        "potential_score": 11.699999809265137,
        "risk_index": 19.42,
        "recommendation": "Zona Penyangga Sekunder: Perdagangan Lokal / Jasa",
        "top_positive_driver": "+0.15 via built_environment_index",
        "top_negative_driver": "-0.66 via human_activity_index"
      }
    },
    {
      "type": "Feature",
      "geometry": {
        "type": "Polygon",
        "coordinates": [
          [
            [
              107.69199944115937,
              -6.913108763746036
            ],
            [
              107.69159126769061,
              -6.911393793136463
            ],
            [
              107.6898320108002,
              -6.910969366614637
            ],
            [
              107.68848093105018,
              -6.912259938665803
            ],
            [
              107.68888912982139,
              -6.913974914199963
            ],
            [
              107.69064838304058,
              -6.914399312759035
            ],
            [
              107.69199944115937,
              -6.913108763746036
            ]
          ]
        ]
      },
      "properties": {
        "h3_cell": "898c144cb07ffff",
        "centroid_lat": -6.91268,
        "centroid_lon": 107.69024,
        "dist_to_transit_km": 3.721,
        "nearest_transit_hub": "Stasiun Gedebage",
        "transit_accessibility_score": 5.1,
        "prop_count": 1,
        "ruko_count": 0,
        "sewa_count": 0,
        "struk_count": 0,
        "act_count": 0,
        "potential_score": 1.7400000095367432,
        "risk_index": 37.21,
        "recommendation": "Zona Penyangga Sekunder: Perdagangan Lokal / Jasa",
        "top_positive_driver": "+0.02 via spatial_lag_ruko_k2",
        "top_negative_driver": "-7.60 via built_environment_index"
      }
    },
    {
      "type": "Feature",
      "geometry": {
        "type": "Polygon",
        "coordinates": [
          [
            [
              107.61450956981479,
              -6.942910372435955
            ],
            [
              107.61410077741405,
              -6.941195443680124
            ],
            [
              107.6123405935992,
              -6.940770938405115
            ],
            [
              107.61098920594394,
              -6.942061389746905
            ],
            [
              107.61139802360572,
              -6.943776323302864
            ],
            [
              107.61315820366212,
              -6.9442008007175735
            ],
            [
              107.61450956981479,
              -6.942910372435955
            ]
          ]
        ]
      },
      "properties": {
        "h3_cell": "898c1479c9bffff",
        "centroid_lat": -6.94249,
        "centroid_lon": 107.61275,
        "dist_to_transit_km": 2.091,
        "nearest_transit_hub": "Terminal Leuwipanjang",
        "transit_accessibility_score": 18.77,
        "prop_count": 1,
        "ruko_count": 0,
        "sewa_count": 0,
        "struk_count": 0,
        "act_count": 0,
        "potential_score": 6.590000152587891,
        "risk_index": 20.91,
        "recommendation": "Zona Penyangga Sekunder: Perdagangan Lokal / Jasa",
        "top_positive_driver": "+0.08 via transit_decay_quad",
        "top_negative_driver": "-3.97 via built_environment_index"
      }
    },
    {
      "type": "Feature",
      "geometry": {
        "type": "Polygon",
        "coordinates": [
          [
            [
              107.59498648199212,
              -6.923652141282433
            ],
            [
              107.59457749858274,
              -6.9219366932234525
            ],
            [
              107.59281693035683,
              -6.921511876171527
            ],
            [
              107.59146534932181,
              -6.922802535020244
            ],
            [
              107.59187435798614,
              -6.924517987866979
            ],
            [
              107.59363492243097,
              -6.9249427770778995
            ],
            [
              107.59498648199212,
              -6.923652141282433
            ]
          ]
        ]
      },
      "properties": {
        "h3_cell": "898c1479813ffff",
        "centroid_lat": -6.92323,
        "centroid_lon": 107.59323,
        "dist_to_transit_km": 1.007,
        "nearest_transit_hub": "Stasiun Ciroyom",
        "transit_accessibility_score": 44.68,
        "prop_count": 2,
        "ruko_count": 0,
        "sewa_count": 0,
        "struk_count": 0,
        "act_count": 0,
        "potential_score": 16.270000457763672,
        "risk_index": 10.07,
        "recommendation": "Zona Penyangga Sekunder: Perdagangan Lokal / Jasa",
        "top_positive_driver": "+3.74 via built_environment_index",
        "top_negative_driver": "-0.62 via human_activity_index"
      }
    },
    {
      "type": "Feature",
      "geometry": {
        "type": "Polygon",
        "coordinates": [
          [
            [
              107.68549695774463,
              -6.906690295025964
            ],
            [
              107.6850887205517,
              -6.904975151204539
            ],
            [
              107.68332933505496,
              -6.904550620587155
            ],
            [
              107.68197819043033,
              -6.905841261748185
            ],
            [
              107.68238645292371,
              -6.9075564104901055
            ],
            [
              107.6841458347417,
              -6.907980913151142
            ],
            [
              107.68549695774463,
              -6.906690295025964
            ]
          ]
        ]
      },
      "properties": {
        "h3_cell": "898c16b6593ffff",
        "centroid_lat": -6.90627,
        "centroid_lon": 107.68374,
        "dist_to_transit_km": 2.944,
        "nearest_transit_hub": "Terminal Cicaheum",
        "transit_accessibility_score": 9.49,
        "prop_count": 1,
        "ruko_count": 0,
        "sewa_count": 0,
        "struk_count": 0,
        "act_count": 0,
        "potential_score": 4.050000190734863,
        "risk_index": 29.44,
        "recommendation": "Zona Penyangga Sekunder: Perdagangan Lokal / Jasa",
        "top_positive_driver": "+0.03 via spatial_lag_prop_k2",
        "top_negative_driver": "-5.92 via built_environment_index"
      }
    },
    {
      "type": "Feature",
      "geometry": {
        "type": "Polygon",
        "coordinates": [
          [
            [
              107.64496238250659,
              -6.945404957175009
            ],
            [
              107.64455385189267,
              -6.943690293123437
            ],
            [
              107.64279411218772,
              -6.943265974135585
            ],
            [
              107.64144290682097,
              -6.944556347097057
            ],
            [
              107.64185146270997,
              -6.946271015987575
            ],
            [
              107.64361119869108,
              -6.946695307078325
            ],
            [
              107.64496238250659,
              -6.945404957175009
            ]
          ]
        ]
      },
      "properties": {
        "h3_cell": "898c1479503ffff",
        "centroid_lat": -6.94498,
        "centroid_lon": 107.6432,
        "dist_to_transit_km": 2.251,
        "nearest_transit_hub": "Stasiun Kiaracondong",
        "transit_accessibility_score": 16.52,
        "prop_count": 1,
        "ruko_count": 0,
        "sewa_count": 0,
        "struk_count": 0,
        "act_count": 0,
        "potential_score": 5.789999961853027,
        "risk_index": 22.51,
        "recommendation": "Zona Penyangga Sekunder: Perdagangan Lokal / Jasa",
        "top_positive_driver": "+0.02 via spatial_lag_ruko_k2",
        "top_negative_driver": "-4.67 via built_environment_index"
      }
    },
    {
      "type": "Feature",
      "geometry": {
        "type": "Polygon",
        "coordinates": [
          [
            [
              107.66466512384982,
              -6.909747114903549
            ],
            [
              107.66425671364108,
              -6.908031883911485
            ],
            [
              107.66249705037033,
              -6.907607278172462
            ],
            [
              107.66114580101105,
              -6.90889793135617
            ],
            [
              107.66155423650993,
              -6.910613167238787
            ],
            [
              107.66331389607836,
              -6.9110377450478016
            ],
            [
              107.66466512384982,
              -6.909747114903549
            ]
          ]
        ]
      },
      "properties": {
        "h3_cell": "898c147929bffff",
        "centroid_lat": -6.90932,
        "centroid_lon": 107.66291,
        "dist_to_transit_km": 1.055,
        "nearest_transit_hub": "Terminal Cicaheum",
        "transit_accessibility_score": 43.0,
        "prop_count": 4,
        "ruko_count": 0,
        "sewa_count": 0,
        "struk_count": 0,
        "act_count": 0,
        "potential_score": 14.989999771118164,
        "risk_index": 10.55,
        "recommendation": "Kawasan Transit Residensial: Kos Pekerja / Hunian Komuter",
        "top_positive_driver": "+2.34 via built_environment_index",
        "top_negative_driver": "-0.64 via human_activity_index"
      }
    },
    {
      "type": "Feature",
      "geometry": {
        "type": "Polygon",
        "coordinates": [
          [
            [
              107.57348547797501,
              -6.9378649972967095
            ],
            [
              107.57307633097977,
              -6.9361496793381825
            ],
            [
              107.57131554082959,
              -6.935724905011205
            ],
            [
              107.56996390148024,
              -6.9370154764545156
            ],
            [
              107.57037307371786,
              -6.938730799162047
            ],
            [
              107.57213386006289,
              -6.939155545677928
            ],
            [
              107.57348547797501,
              -6.9378649972967095
            ]
          ]
        ]
      },
      "properties": {
        "h3_cell": "898c1479997ffff",
        "centroid_lat": -6.93744,
        "centroid_lon": 107.57172,
        "dist_to_transit_km": 2.669,
        "nearest_transit_hub": "Terminal Leuwipanjang",
        "transit_accessibility_score": 11.82,
        "prop_count": 4,
        "ruko_count": 1,
        "sewa_count": 2,
        "struk_count": 0,
        "act_count": 0,
        "potential_score": 9.640000343322754,
        "risk_index": 26.69,
        "recommendation": "Zona Penyangga Sekunder: Perdagangan Lokal / Jasa",
        "top_positive_driver": "+0.14 via commercial_activity_synergy",
        "top_negative_driver": "-1.32 via built_environment_index"
      }
    },
    {
      "type": "Feature",
      "geometry": {
        "type": "Polygon",
        "coordinates": [
          [
            [
              107.55660898429997,
              -6.9645067600735615
            ],
            [
              107.55619972940572,
              -6.962791851620664
            ],
            [
              107.55443885329963,
              -6.962367279210156
            ],
            [
              107.55308723591183,
              -6.9636576430370285
            ],
            [
              107.5534965160361,
              -6.965372556197572
            ],
            [
              107.55525738831855,
              -6.96579710082425
            ],
            [
              107.55660898429997,
              -6.9645067600735615
            ]
          ]
        ]
      },
      "properties": {
        "h3_cell": "898c1478873ffff",
        "centroid_lat": -6.96408,
        "centroid_lon": 107.55485,
        "dist_to_transit_km": 4.772,
        "nearest_transit_hub": "Terminal Leuwipanjang",
        "transit_accessibility_score": 2.2,
        "prop_count": 0,
        "ruko_count": 0,
        "sewa_count": 0,
        "struk_count": 0,
        "act_count": 1,
        "potential_score": 8.229999542236328,
        "risk_index": 40.0,
        "recommendation": "Zona Penyangga Sekunder: Perdagangan Lokal / Jasa",
        "top_positive_driver": "+3.89 via human_activity_index",
        "top_negative_driver": "-6.75 via built_environment_index"
      }
    },
    {
      "type": "Feature",
      "geometry": {
        "type": "Polygon",
        "coordinates": [
          [
            [
              107.60526515714132,
              -6.918048448466459
            ],
            [
              107.60485625354241,
              -6.916332961925412
            ],
            [
              107.60309579833972,
              -6.91590813735221
            ],
            [
              107.60174425050587,
              -6.917198827175719
            ],
            [
              107.60215317936549,
              -6.918914318522212
            ],
            [
              107.60391363079864,
              -6.919339115240396
            ],
            [
              107.60526515714132,
              -6.918048448466459
            ]
          ]
        ]
      },
      "properties": {
        "h3_cell": "898c1479e37ffff",
        "centroid_lat": -6.91762,
        "centroid_lon": 107.6035,
        "dist_to_transit_km": 0.572,
        "nearest_transit_hub": "Stasiun Bandung (Hall)",
        "transit_accessibility_score": 63.28,
        "prop_count": 4,
        "ruko_count": 4,
        "sewa_count": 4,
        "struk_count": 0,
        "act_count": 0,
        "potential_score": 33.7400016784668,
        "risk_index": 5.72,
        "recommendation": "Koridor Komersial: Coworking Space / Kantor Cabang / Bank",
        "top_positive_driver": "+18.21 via built_environment_index",
        "top_negative_driver": "-0.39 via human_activity_index"
      }
    },
    {
      "type": "Feature",
      "geometry": {
        "type": "Polygon",
        "coordinates": [
          [
            [
              107.55452477450505,
              -6.934907459212966
            ],
            [
              107.55411546290796,
              -6.933191949284923
            ],
            [
              107.55235438955027,
              -6.9327670439190126
            ],
            [
              107.55100263161688,
              -6.934057676270297
            ],
            [
              107.55141196844784,
              -6.935773190924149
            ],
            [
              107.55317303797877,
              -6.936198068501571
            ],
            [
              107.55452477450505,
              -6.934907459212966
            ]
          ]
        ]
      },
      "properties": {
        "h3_cell": "898c146a4c7ffff",
        "centroid_lat": -6.93448,
        "centroid_lon": 107.55276,
        "dist_to_transit_km": 4.759,
        "nearest_transit_hub": "Terminal Leuwipanjang",
        "transit_accessibility_score": 2.22,
        "prop_count": 2,
        "ruko_count": 0,
        "sewa_count": 0,
        "struk_count": 0,
        "act_count": 0,
        "potential_score": 0.800000011920929,
        "risk_index": 40.0,
        "recommendation": "Zona Penyangga Sekunder: Perdagangan Lokal / Jasa",
        "top_positive_driver": "+0.01 via spatial_lag_ruko_k2",
        "top_negative_driver": "-8.15 via built_environment_index"
      }
    },
    {
      "type": "Feature",
      "geometry": {
        "type": "Polygon",
        "coordinates": [
          [
            [
              107.69727700111228,
              -6.914381897736414
            ],
            [
              107.69686887418982,
              -6.912666989804811
            ],
            [
              107.6951096993881,
              -6.912242604732266
            ],
            [
              107.69375865517446,
              -6.913533155560888
            ],
            [
              107.69416680740164,
              -6.915248068423185
            ],
            [
              107.69592597853817,
              -6.915672425526826
            ],
            [
              107.69727700111228,
              -6.914381897736414
            ]
          ]
        ]
      },
      "properties": {
        "h3_cell": "898c144cb13ffff",
        "centroid_lat": -6.91396,
        "centroid_lon": 107.69552,
        "dist_to_transit_km": 3.641,
        "nearest_transit_hub": "Stasiun Cimekar",
        "transit_accessibility_score": 5.43,
        "prop_count": 4,
        "ruko_count": 1,
        "sewa_count": 1,
        "struk_count": 0,
        "act_count": 0,
        "potential_score": 4.579999923706055,
        "risk_index": 36.41,
        "recommendation": "Zona Penyangga Sekunder: Perdagangan Lokal / Jasa",
        "top_positive_driver": "+0.02 via spatial_lag_ruko_k2",
        "top_negative_driver": "-5.39 via built_environment_index"
      }
    },
    {
      "type": "Feature",
      "geometry": {
        "type": "Polygon",
        "coordinates": [
          [
            [
              107.59612381216891,
              -6.9562557582797835
            ],
            [
              107.59571488137998,
              -6.954540964414517
            ],
            [
              107.59395451416654,
              -6.954116508631354
            ],
            [
              107.59260308152142,
              -6.955406874548555
            ],
            [
              107.59301203756051,
              -6.957121673179985
            ],
            [
              107.59477240099496,
              -6.957546101128704
            ],
            [
              107.59612381216891,
              -6.9562557582797835
            ]
          ]
        ]
      },
      "properties": {
        "h3_cell": "898c147833bffff",
        "centroid_lat": -6.95583,
        "centroid_lon": 107.59436,
        "dist_to_transit_km": 1.06,
        "nearest_transit_hub": "Terminal Leuwipanjang",
        "transit_accessibility_score": 42.83,
        "prop_count": 1,
        "ruko_count": 1,
        "sewa_count": 0,
        "struk_count": 0,
        "act_count": 0,
        "potential_score": 18.520000457763672,
        "risk_index": 10.6,
        "recommendation": "Zona Penyangga Sekunder: Perdagangan Lokal / Jasa",
        "top_positive_driver": "+6.89 via built_environment_index",
        "top_negative_driver": "-0.62 via human_activity_index"
      }
    },
    {
      "type": "Feature",
      "geometry": {
        "type": "Polygon",
        "coordinates": [
          [
            [
              107.55546720728005,
              -6.93190131485515
            ],
            [
              107.55505789970394,
              -6.9301857519989625
            ],
            [
              107.55329682252052,
              -6.929760818842701
            ],
            [
              107.55194505673937,
              -6.931051476333639
            ],
            [
              107.55235438955027,
              -6.9327670439190126
            ],
            [
              107.55411546290796,
              -6.933191949284923
            ],
            [
              107.55546720728005,
              -6.93190131485515
            ]
          ]
        ]
      },
      "properties": {
        "h3_cell": "898c146a4cfffff",
        "centroid_lat": -6.93148,
        "centroid_lon": 107.55371,
        "dist_to_transit_km": 4.693,
        "nearest_transit_hub": "Stasiun Ciroyom",
        "transit_accessibility_score": 2.34,
        "prop_count": 6,
        "ruko_count": 0,
        "sewa_count": 1,
        "struk_count": 0,
        "act_count": 0,
        "potential_score": 2.2300000190734863,
        "risk_index": 40.0,
        "recommendation": "Zona Penyangga Sekunder: Perdagangan Lokal / Jasa",
        "top_positive_driver": "+0.00 via spatial_lag_ruko_k2",
        "top_negative_driver": "-7.19 via built_environment_index"
      }
    },
    {
      "type": "Feature",
      "geometry": {
        "type": "Polygon",
        "coordinates": [
          [
            [
              107.5968716617652,
              -6.917639845564546
            ],
            [
              107.59646268642253,
              -6.915924291744386
            ],
            [
              107.59470211063747,
              -6.915499419004783
            ],
            [
              107.59335051397457,
              -6.91679012793078
            ],
            [
              107.59375951457406,
              -6.9185056865454735
            ],
            [
              107.59552008658004,
              -6.918930531440296
            ],
            [
              107.5968716617652,
              -6.917639845564546
            ]
          ]
        ]
      },
      "properties": {
        "h3_cell": "898c1479857ffff",
        "centroid_lat": -6.91721,
        "centroid_lon": 107.59511,
        "dist_to_transit_km": 0.442,
        "nearest_transit_hub": "Stasiun Ciroyom",
        "transit_accessibility_score": 70.22,
        "prop_count": 9,
        "ruko_count": 9,
        "sewa_count": 3,
        "struk_count": 0,
        "act_count": 0,
        "potential_score": 44.619998931884766,
        "risk_index": 4.42,
        "recommendation": "Zona Emas TOD: Retail Modern / Coffee Shop / Fast-Casual F&B",
        "top_positive_driver": "+23.10 via built_environment_index",
        "top_negative_driver": "-0.37 via human_activity_index"
      }
    },
    {
      "type": "Feature",
      "geometry": {
        "type": "Polygon",
        "coordinates": [
          [
            [
              107.576882694202,
              -6.9451505568560385
            ],
            [
              107.57647358561343,
              -6.943435407208255
            ],
            [
              107.57471288458012,
              -6.9430107299383295
            ],
            [
              107.57336129593688,
              -6.944301230130342
            ],
            [
              107.57377042976826,
              -6.946016384526499
            ],
            [
              107.57553112700047,
              -6.946441033982932
            ],
            [
              107.576882694202,
              -6.9451505568560385
            ]
          ]
        ]
      },
      "properties": {
        "h3_cell": "898c1479d37ffff",
        "centroid_lat": -6.94473,
        "centroid_lon": 107.57512,
        "dist_to_transit_km": 2.113,
        "nearest_transit_hub": "Terminal Leuwipanjang",
        "transit_accessibility_score": 18.44,
        "prop_count": 1,
        "ruko_count": 0,
        "sewa_count": 1,
        "struk_count": 0,
        "act_count": 0,
        "potential_score": 6.550000190734863,
        "risk_index": 21.13,
        "recommendation": "Zona Penyangga Sekunder: Perdagangan Lokal / Jasa",
        "top_positive_driver": "+0.08 via transit_decay_quad",
        "top_negative_driver": "-4.02 via built_environment_index"
      }
    },
    {
      "type": "Feature",
      "geometry": {
        "type": "Polygon",
        "coordinates": [
          [
            [
              107.67550453020905,
              -6.920444912425472
            ],
            [
              107.6750962261872,
              -6.918729970078941
            ],
            [
              107.67333677708685,
              -6.918305537769686
            ],
            [
              107.67198563569853,
              -6.919596075748325
            ],
            [
              107.67239396501391,
              -6.9213110229922385
            ],
            [
              107.6741534104245,
              -6.92173542736078
            ],
            [
              107.67550453020905,
              -6.920444912425472
            ]
          ]
        ]
      },
      "properties": {
        "h3_cell": "898c1479613ffff",
        "centroid_lat": -6.92002,
        "centroid_lon": 107.67375,
        "dist_to_transit_km": 2.731,
        "nearest_transit_hub": "Terminal Cicaheum",
        "transit_accessibility_score": 11.25,
        "prop_count": 2,
        "ruko_count": 0,
        "sewa_count": 1,
        "struk_count": 0,
        "act_count": 0,
        "potential_score": 3.940000057220459,
        "risk_index": 27.31,
        "recommendation": "Zona Penyangga Sekunder: Perdagangan Lokal / Jasa",
        "top_positive_driver": "+0.02 via spatial_lag_ruko_k2",
        "top_negative_driver": "-6.10 via built_environment_index"
      }
    },
    {
      "type": "Feature",
      "geometry": {
        "type": "Polygon",
        "coordinates": [
          [
            [
              107.61365812115245,
              -6.918456877781985
            ],
            [
              107.61324928930662,
              -6.91674145854965
            ],
            [
              107.61148895475013,
              -6.91631668214778
            ],
            [
              107.61013745579989,
              -6.917607352844135
            ],
            [
              107.61054631291033,
              -6.919322776892833
            ],
            [
              107.61230664370683,
              -6.919747525429469
            ],
            [
              107.61365812115245,
              -6.918456877781985
            ]
          ]
        ]
      },
      "properties": {
        "h3_cell": "898c1479e17ffff",
        "centroid_lat": -6.91803,
        "centroid_lon": 107.6119,
        "dist_to_transit_km": 1.21,
        "nearest_transit_hub": "Stasiun Bandung (Hall)",
        "transit_accessibility_score": 37.98,
        "prop_count": 1,
        "ruko_count": 0,
        "sewa_count": 1,
        "struk_count": 0,
        "act_count": 0,
        "potential_score": 16.079999923706055,
        "risk_index": 12.1,
        "recommendation": "Zona Penyangga Sekunder: Perdagangan Lokal / Jasa",
        "top_positive_driver": "+3.68 via built_environment_index",
        "top_negative_driver": "-0.62 via human_activity_index"
      }
    },
    {
      "type": "Feature",
      "geometry": {
        "type": "Polygon",
        "coordinates": [
          [
            [
              107.62384389227492,
              -6.94031246706124
            ],
            [
              107.62343517566705,
              -6.938597552734379
            ],
            [
              107.62167510880172,
              -6.938173067849843
            ],
            [
              107.62032376229263,
              -6.939463525165222
            ],
            [
              107.62073250416641,
              -6.9411784443065105
            ],
            [
              107.62249256728381,
              -6.941602901318641
            ],
            [
              107.62384389227492,
              -6.94031246706124
            ]
          ]
        ]
      },
      "properties": {
        "h3_cell": "898c14791b7ffff",
        "centroid_lat": -6.93989,
        "centroid_lon": 107.62208,
        "dist_to_transit_km": 2.097,
        "nearest_transit_hub": "Stasiun Cikudapateuh",
        "transit_accessibility_score": 18.68,
        "prop_count": 1,
        "ruko_count": 0,
        "sewa_count": 0,
        "struk_count": 0,
        "act_count": 0,
        "potential_score": 9.449999809265137,
        "risk_index": 20.97,
        "recommendation": "Zona Penyangga Sekunder: Perdagangan Lokal / Jasa",
        "top_positive_driver": "+0.09 via transit_decay_quad",
        "top_negative_driver": "-1.65 via built_environment_index"
      }
    },
    {
      "type": "Feature",
      "geometry": {
        "type": "Polygon",
        "coordinates": [
          [
            [
              107.6082864247305,
              -6.944642265359714
            ],
            [
              107.60787758180928,
              -6.942927327008386
            ],
            [
              107.60611732007463,
              -6.942502808130051
            ],
            [
              107.6047659050271,
              -6.94379325545594
            ],
            [
              107.60517477320614,
              -6.9455081985978735
            ],
            [
              107.60693503117531,
              -6.945932689623981
            ],
            [
              107.6082864247305,
              -6.944642265359714
            ]
          ]
        ]
      },
      "properties": {
        "h3_cell": "898c1479c87ffff",
        "centroid_lat": -6.94422,
        "centroid_lon": 107.60653,
        "dist_to_transit_km": 1.38,
        "nearest_transit_hub": "Terminal Leuwipanjang",
        "transit_accessibility_score": 33.15,
        "prop_count": 0,
        "ruko_count": 0,
        "sewa_count": 0,
        "struk_count": 0,
        "act_count": 1,
        "potential_score": 19.260000228881836,
        "risk_index": 13.8,
        "recommendation": "Zona Penyangga Sekunder: Perdagangan Lokal / Jasa",
        "top_positive_driver": "+4.02 via human_activity_index",
        "top_negative_driver": "-0.36 via commercial_activity_synergy"
      }
    },
    {
      "type": "Feature",
      "geometry": {
        "type": "Polygon",
        "coordinates": [
          [
            [
              107.66617267563669,
              -6.923043218247837
            ],
            [
              107.66576429573914,
              -6.921328261223459
            ],
            [
              107.66400472922159,
              -6.920903808640863
            ],
            [
              107.66265354630232,
              -6.922194341011934
            ],
            [
              107.66306195148859,
              -6.923909302919413
            ],
            [
              107.66482151430583,
              -6.924333727573386
            ],
            [
              107.66617267563669,
              -6.923043218247837
            ]
          ]
        ]
      },
      "properties": {
        "h3_cell": "898c14796afffff",
        "centroid_lat": -6.92262,
        "centroid_lon": 107.66441,
        "dist_to_transit_km": 1.995,
        "nearest_transit_hub": "Stasiun Kiaracondong",
        "transit_accessibility_score": 20.27,
        "prop_count": 3,
        "ruko_count": 0,
        "sewa_count": 0,
        "struk_count": 0,
        "act_count": 0,
        "potential_score": 7.019999980926514,
        "risk_index": 19.95,
        "recommendation": "Zona Penyangga Sekunder: Perdagangan Lokal / Jasa",
        "top_positive_driver": "+0.09 via transit_decay_quad",
        "top_negative_driver": "-3.60 via built_environment_index"
      }
    },
    {
      "type": "Feature",
      "geometry": {
        "type": "Polygon",
        "coordinates": [
          [
            [
              107.59215880117188,
              -6.932670000301273
            ],
            [
              107.59174980566506,
              -6.930954710936822
            ],
            [
              107.58998924878539,
              -6.930529977402234
            ],
            [
              107.588637691197,
              -6.931820561068088
            ],
            [
              107.58904671195592,
              -6.933535855210134
            ],
            [
              107.59080726505152,
              -6.933960560909383
            ],
            [
              107.59215880117188,
              -6.932670000301273
            ]
          ]
        ]
      },
      "properties": {
        "h3_cell": "898c1479d4bffff",
        "centroid_lat": -6.93225,
        "centroid_lon": 107.5904,
        "dist_to_transit_km": 1.618,
        "nearest_transit_hub": "Terminal Leuwipanjang",
        "transit_accessibility_score": 27.41,
        "prop_count": 4,
        "ruko_count": 1,
        "sewa_count": 3,
        "struk_count": 0,
        "act_count": 0,
        "potential_score": 11.670000076293945,
        "risk_index": 16.18,
        "recommendation": "Zona Penyangga Sekunder: Perdagangan Lokal / Jasa",
        "top_positive_driver": "+0.42 via norm_transit",
        "top_negative_driver": "-0.68 via human_activity_index"
      }
    },
    {
      "type": "Feature",
      "geometry": {
        "type": "Polygon",
        "coordinates": [
          [
            [
              107.60743445199834,
              -6.920188667270891
            ],
            [
              107.60702556962488,
              -6.9184732384106
            ],
            [
              107.60526515714132,
              -6.918048448466459
            ],
            [
              107.60391363079864,
              -6.919339115240396
            ],
            [
              107.60432253843352,
              -6.921054548907506
            ],
            [
              107.60608294715007,
              -6.9214793109945
            ],
            [
              107.60743445199834,
              -6.920188667270891
            ]
          ]
        ]
      },
      "properties": {
        "h3_cell": "898c1479eafffff",
        "centroid_lat": -6.91976,
        "centroid_lon": 107.60567,
        "dist_to_transit_km": 0.875,
        "nearest_transit_hub": "Stasiun Bandung (Hall)",
        "transit_accessibility_score": 49.66,
        "prop_count": 4,
        "ruko_count": 2,
        "sewa_count": 1,
        "struk_count": 0,
        "act_count": 0,
        "potential_score": 25.649999618530273,
        "risk_index": 8.75,
        "recommendation": "Koridor Komersial: Coworking Space / Kantor Cabang / Bank",
        "top_positive_driver": "+12.58 via built_environment_index",
        "top_negative_driver": "-0.43 via human_activity_index"
      }
    },
    {
      "type": "Feature",
      "geometry": {
        "type": "Polygon",
        "coordinates": [
          [
            [
              107.6306331919584,
              -6.954879006775745
            ],
            [
              107.63022455216792,
              -6.953164429260564
            ],
            [
              107.62846466378386,
              -6.952740138839034
            ],
            [
              107.62711341893058,
              -6.9540304538105175
            ],
            [
              107.6275220839878,
              -6.955745036138819
            ],
            [
              107.62928196863199,
              -6.956169298683175
            ],
            [
              107.6306331919584,
              -6.954879006775745
            ]
          ]
        ]
      },
      "properties": {
        "h3_cell": "898c14782d7ffff",
        "centroid_lat": -6.95445,
        "centroid_lon": 107.62887,
        "dist_to_transit_km": 3.708,
        "nearest_transit_hub": "Stasiun Cikudapateuh",
        "transit_accessibility_score": 5.15,
        "prop_count": 2,
        "ruko_count": 2,
        "sewa_count": 1,
        "struk_count": 0,
        "act_count": 0,
        "potential_score": 7.210000038146973,
        "risk_index": 37.08,
        "recommendation": "Koridor Komersial: Coworking Space / Kantor Cabang / Bank",
        "top_positive_driver": "+0.13 via commercial_activity_synergy",
        "top_negative_driver": "-3.18 via built_environment_index"
      }
    },
    {
      "type": "Feature",
      "geometry": {
        "type": "Polygon",
        "coordinates": [
          [
            [
              107.5568943895994,
              -6.972656301202487
            ],
            [
              107.55648514787363,
              -6.970941556469531
            ],
            [
              107.55472432202991,
              -6.970517074258651
            ],
            [
              107.55337274173554,
              -6.971807364563577
            ],
            [
              107.55378200869018,
              -6.973522113998808
            ],
            [
              107.55554283071076,
              -6.973946568427494
            ],
            [
              107.5568943895994,
              -6.972656301202487
            ]
          ]
        ]
      },
      "properties": {
        "h3_cell": "898c1478817ffff",
        "centroid_lat": -6.97223,
        "centroid_lon": 107.55513,
        "dist_to_transit_km": 5.187,
        "nearest_transit_hub": "Terminal Leuwipanjang",
        "transit_accessibility_score": 1.58,
        "prop_count": 0,
        "ruko_count": 0,
        "sewa_count": 0,
        "struk_count": 1,
        "act_count": 0,
        "potential_score": 10.390000343322754,
        "risk_index": 40.0,
        "recommendation": "Zona Penyangga Sekunder: Perdagangan Lokal / Jasa",
        "top_positive_driver": "+3.99 via human_activity_index",
        "top_negative_driver": "-6.52 via built_environment_index"
      }
    },
    {
      "type": "Feature",
      "geometry": {
        "type": "Polygon",
        "coordinates": [
          [
            [
              107.61336373553758,
              -6.819711857268019
            ],
            [
              107.61295477111935,
              -6.817994485323151
            ],
            [
              107.61119387233845,
              -6.817568631537732
            ],
            [
              107.60984194173892,
              -6.81886017758647
            ],
            [
              107.61025093143773,
              -6.820577554417455
            ],
            [
              107.6120118264559,
              -6.821003380314234
            ],
            [
              107.61336373553758,
              -6.819711857268019
            ]
          ]
        ]
      },
      "properties": {
        "h3_cell": "898c16b48cbffff",
        "centroid_lat": -6.81929,
        "centroid_lon": 107.6116,
        "dist_to_transit_km": 4.818,
        "nearest_transit_hub": "Terminal Ledeng",
        "transit_accessibility_score": 2.12,
        "prop_count": 0,
        "ruko_count": 0,
        "sewa_count": 0,
        "struk_count": 0,
        "act_count": 1,
        "potential_score": 8.229999542236328,
        "risk_index": 40.0,
        "recommendation": "Zona Penyangga Sekunder: Perdagangan Lokal / Jasa",
        "top_positive_driver": "+3.89 via human_activity_index",
        "top_negative_driver": "-6.75 via built_environment_index"
      }
    },
    {
      "type": "Feature",
      "geometry": {
        "type": "Polygon",
        "coordinates": [
          [
            [
              107.6127154795911,
              -6.921462891791008
            ],
            [
              107.61230664370683,
              -6.919747525429469
            ],
            [
              107.61054631291033,
              -6.919322776892833
            ],
            [
              107.60919482175954,
              -6.920613422581732
            ],
            [
              107.6096036829075,
              -6.922328793756232
            ],
            [
              107.611364009943,
              -6.922753514429526
            ],
            [
              107.6127154795911,
              -6.921462891791008
            ]
          ]
        ]
      },
      "properties": {
        "h3_cell": "898c1479ebbffff",
        "centroid_lat": -6.92104,
        "centroid_lon": 107.61096,
        "dist_to_transit_km": 1.331,
        "nearest_transit_hub": "Stasiun Bandung (Hall)",
        "transit_accessibility_score": 34.48,
        "prop_count": 1,
        "ruko_count": 0,
        "sewa_count": 0,
        "struk_count": 0,
        "act_count": 0,
        "potential_score": 14.9399995803833,
        "risk_index": 13.31,
        "recommendation": "Zona Penyangga Sekunder: Perdagangan Lokal / Jasa",
        "top_positive_driver": "+2.49 via built_environment_index",
        "top_negative_driver": "-0.66 via human_activity_index"
      }
    },
    {
      "type": "Feature",
      "geometry": {
        "type": "Polygon",
        "coordinates": [
          [
            [
              107.67050837627697,
              -6.927321760155408
            ],
            [
              107.67010003885076,
              -6.925606918616066
            ],
            [
              107.6683405579896,
              -6.925182535422436
            ],
            [
              107.66698941825032,
              -6.926473021701687
            ],
            [
              107.66739778096654,
              -6.928187868126849
            ],
            [
              107.66915725813246,
              -6.92861222338759
            ],
            [
              107.67050837627697,
              -6.927321760155408
            ]
          ]
        ]
      },
      "properties": {
        "h3_cell": "898c14796b3ffff",
        "centroid_lat": -6.9269,
        "centroid_lon": 107.66875,
        "dist_to_transit_km": 2.226,
        "nearest_transit_hub": "Stasiun Gedebage",
        "transit_accessibility_score": 16.85,
        "prop_count": 3,
        "ruko_count": 2,
        "sewa_count": 0,
        "struk_count": 0,
        "act_count": 0,
        "potential_score": 11.1899995803833,
        "risk_index": 22.26,
        "recommendation": "Zona Penyangga Sekunder: Perdagangan Lokal / Jasa",
        "top_positive_driver": "+0.13 via commercial_activity_synergy",
        "top_negative_driver": "-0.59 via human_activity_index"
      }
    },
    {
      "type": "Feature",
      "geometry": {
        "type": "Polygon",
        "coordinates": [
          [
            [
              107.57037307371786,
              -6.938730799162047
            ],
            [
              107.56996390148024,
              -6.9370154764545156
            ],
            [
              107.5682030724843,
              -6.936590695322025
            ],
            [
              107.56685141953508,
              -6.937881264704794
            ],
            [
              107.5672606170135,
              -6.93959659215656
            ],
            [
              107.56902144220078,
              -6.9400213454819895
            ],
            [
              107.57037307371786,
              -6.938730799162047
            ]
          ]
        ]
      },
      "properties": {
        "h3_cell": "898c1478a4bffff",
        "centroid_lat": -6.93831,
        "centroid_lon": 107.56861,
        "dist_to_transit_km": 2.961,
        "nearest_transit_hub": "Terminal Leuwipanjang",
        "transit_accessibility_score": 9.36,
        "prop_count": 2,
        "ruko_count": 2,
        "sewa_count": 2,
        "struk_count": 0,
        "act_count": 0,
        "potential_score": 11.59000015258789,
        "risk_index": 29.61,
        "recommendation": "Koridor Komersial: Coworking Space / Kantor Cabang / Bank",
        "top_positive_driver": "+0.83 via built_environment_index",
        "top_negative_driver": "-0.79 via norm_transit"
      }
    },
    {
      "type": "Feature",
      "geometry": {
        "type": "Polygon",
        "coordinates": [
          [
            [
              107.64354754846873,
              -6.904651185321088
            ],
            [
              107.64313895217202,
              -6.9029357039909724
            ],
            [
              107.6413789612947,
              -6.902510932624888
            ],
            [
              107.64002757044094,
              -6.903801670494903
            ],
            [
              107.64043619201867,
              -6.90551715669105
            ],
            [
              107.64219617916957,
              -6.90594190015181
            ],
            [
              107.64354754846873,
              -6.904651185321088
            ]
          ]
        ]
      },
      "properties": {
        "h3_cell": "898c1479353ffff",
        "centroid_lat": -6.90423,
        "centroid_lon": 107.64179,
        "dist_to_transit_km": 1.761,
        "nearest_transit_hub": "Terminal Cicaheum",
        "transit_accessibility_score": 24.44,
        "prop_count": 1,
        "ruko_count": 0,
        "sewa_count": 0,
        "struk_count": 0,
        "act_count": 0,
        "potential_score": 8.609999656677246,
        "risk_index": 17.61,
        "recommendation": "Zona Penyangga Sekunder: Perdagangan Lokal / Jasa",
        "top_positive_driver": "+0.30 via norm_transit",
        "top_negative_driver": "-2.68 via built_environment_index"
      }
    },
    {
      "type": "Feature",
      "geometry": {
        "type": "Polygon",
        "coordinates": [
          [
            [
              107.70301796043438,
              -6.959399031889388
            ],
            [
              107.70260994155504,
              -6.957685057124268
            ],
            [
              107.70085110353372,
              -6.957261194886094
            ],
            [
              107.69950028804979,
              -6.958551335378497
            ],
            [
              107.69990833222919,
              -6.9602653150498295
            ],
            [
              107.70166716659288,
              -6.960689149323192
            ],
            [
              107.70301796043438,
              -6.959399031889388
            ]
          ]
        ]
      },
      "properties": {
        "h3_cell": "898c147b64bffff",
        "centroid_lat": -6.95898,
        "centroid_lon": 107.70126,
        "dist_to_transit_km": 1.481,
        "nearest_transit_hub": "Stasiun Cimekar",
        "transit_accessibility_score": 30.58,
        "prop_count": 1,
        "ruko_count": 1,
        "sewa_count": 0,
        "struk_count": 0,
        "act_count": 0,
        "potential_score": 13.3100004196167,
        "risk_index": 14.81,
        "recommendation": "Zona Penyangga Sekunder: Perdagangan Lokal / Jasa",
        "top_positive_driver": "+1.25 via built_environment_index",
        "top_negative_driver": "-0.66 via human_activity_index"
      }
    },
    {
      "type": "Feature",
      "geometry": {
        "type": "Polygon",
        "coordinates": [
          [
            [
              107.62572913644358,
              -6.934301641887517
            ],
            [
              107.6253204279185,
              -6.932586621754262
            ],
            [
              107.62356035356036,
              -6.932162081119217
            ],
            [
              107.62220899147363,
              -6.933452588494288
            ],
            [
              107.62261772526648,
              -6.935167613448753
            ],
            [
              107.62437779587871,
              -6.935592126207598
            ],
            [
              107.62572913644358,
              -6.934301641887517
            ]
          ]
        ]
      },
      "properties": {
        "h3_cell": "898c14791abffff",
        "centroid_lat": -6.93388,
        "centroid_lon": 107.62397,
        "dist_to_transit_km": 1.406,
        "nearest_transit_hub": "Stasiun Cikudapateuh",
        "transit_accessibility_score": 32.47,
        "prop_count": 1,
        "ruko_count": 1,
        "sewa_count": 1,
        "struk_count": 0,
        "act_count": 0,
        "potential_score": 13.369999885559082,
        "risk_index": 14.06,
        "recommendation": "Zona Penyangga Sekunder: Perdagangan Lokal / Jasa",
        "top_positive_driver": "+1.08 via built_environment_index",
        "top_negative_driver": "-0.66 via human_activity_index"
      }
    },
    {
      "type": "Feature",
      "geometry": {
        "type": "Polygon",
        "coordinates": [
          [
            [
              107.66504316102747,
              -6.890436334657692
            ],
            [
              107.66463472861233,
              -6.888720724248743
            ],
            [
              107.66287496117462,
              -6.888295909510339
            ],
            [
              107.66152362985486,
              -6.889586733116758
            ],
            [
              107.66193208756347,
              -6.8913023484305205
            ],
            [
              107.66369185129881,
              -6.891727135233719
            ],
            [
              107.66504316102747,
              -6.890436334657692
            ]
          ]
        ]
      },
      "properties": {
        "h3_cell": "898c16b6187ffff",
        "centroid_lat": -6.89001,
        "centroid_lon": 107.66328,
        "dist_to_transit_km": 1.428,
        "nearest_transit_hub": "Terminal Cicaheum",
        "transit_accessibility_score": 31.91,
        "prop_count": 1,
        "ruko_count": 0,
        "sewa_count": 0,
        "struk_count": 0,
        "act_count": 0,
        "potential_score": 11.09000015258789,
        "risk_index": 14.28,
        "recommendation": "Zona Penyangga Sekunder: Perdagangan Lokal / Jasa",
        "top_positive_driver": "+0.78 via norm_transit",
        "top_negative_driver": "-0.93 via built_environment_index"
      }
    },
    {
      "type": "Feature",
      "geometry": {
        "type": "Polygon",
        "coordinates": [
          [
            [
              107.66655078629171,
              -6.903735265144907
            ],
            [
              107.6661423841913,
              -6.902019928519626
            ],
            [
              107.66438271351892,
              -6.9015952669148755
            ],
            [
              107.66303144864767,
              -6.902885969869855
            ],
            [
              107.66343987604009,
              -6.904601311392486
            ],
            [
              107.66519954301216,
              -6.905025945063441
            ],
            [
              107.66655078629171,
              -6.903735265144907
            ]
          ]
        ]
      },
      "properties": {
        "h3_cell": "898c14792c3ffff",
        "centroid_lat": -6.90331,
        "centroid_lon": 107.66479,
        "dist_to_transit_km": 0.83,
        "nearest_transit_hub": "Terminal Cicaheum",
        "transit_accessibility_score": 51.48,
        "prop_count": 8,
        "ruko_count": 2,
        "sewa_count": 3,
        "struk_count": 0,
        "act_count": 0,
        "potential_score": 21.90999984741211,
        "risk_index": 8.3,
        "recommendation": "Koridor Komersial: Coworking Space / Kantor Cabang / Bank",
        "top_positive_driver": "+8.85 via built_environment_index",
        "top_negative_driver": "-0.56 via human_activity_index"
      }
    },
    {
      "type": "Feature",
      "geometry": {
        "type": "Polygon",
        "coordinates": [
          [
            [
              107.59705100264672,
              -6.862694337865016
            ],
            [
              107.59664195642037,
              -6.860977698880729
            ],
            [
              107.59488107146561,
              -6.860552228662669
            ],
            [
              107.59352923651782,
              -6.861843425287805
            ],
            [
              107.59393830801001,
              -6.863560069105854
            ],
            [
              107.59569918918456,
              -6.863985511465648
            ],
            [
              107.59705100264672,
              -6.862694337865016
            ]
          ]
        ]
      },
      "properties": {
        "h3_cell": "898c146b6cfffff",
        "centroid_lat": -6.86227,
        "centroid_lon": 107.59529,
        "dist_to_transit_km": 0.424,
        "nearest_transit_hub": "Terminal Ledeng",
        "transit_accessibility_score": 71.23,
        "prop_count": 0,
        "ruko_count": 0,
        "sewa_count": 0,
        "struk_count": 0,
        "act_count": 1,
        "potential_score": 32.380001068115234,
        "risk_index": 4.24,
        "recommendation": "Zona Penyangga Sekunder: Perdagangan Lokal / Jasa",
        "top_positive_driver": "+12.12 via built_environment_index",
        "top_negative_driver": "-0.22 via commercial_activity_synergy"
      }
    },
    {
      "type": "Feature",
      "geometry": {
        "type": "Polygon",
        "coordinates": [
          [
            [
              107.5781099855894,
              -6.950295784509434
            ],
            [
              107.5777008941899,
              -6.9485807455087745
            ],
            [
              107.57594023961599,
              -6.948156130683845
            ],
            [
              107.57458868024158,
              -6.949446582673977
            ],
            [
              107.57499779688366,
              -6.951161626421003
            ],
            [
              107.576758447658,
              -6.951586213432187
            ],
            [
              107.5781099855894,
              -6.950295784509434
            ]
          ]
        ]
      },
      "properties": {
        "h3_cell": "898c1479da7ffff",
        "centroid_lat": -6.94987,
        "centroid_lon": 107.57635,
        "dist_to_transit_km": 2.01,
        "nearest_transit_hub": "Terminal Leuwipanjang",
        "transit_accessibility_score": 20.03,
        "prop_count": 6,
        "ruko_count": 0,
        "sewa_count": 1,
        "struk_count": 0,
        "act_count": 0,
        "potential_score": 7.559999942779541,
        "risk_index": 20.1,
        "recommendation": "Zona Penyangga Sekunder: Perdagangan Lokal / Jasa",
        "top_positive_driver": "+0.09 via transit_decay_quad",
        "top_negative_driver": "-3.15 via built_environment_index"
      }
    },
    {
      "type": "Feature",
      "geometry": {
        "type": "Polygon",
        "coordinates": [
          [
            [
              107.58536531884587,
              -6.91809688095772
            ],
            [
              107.58495624651584,
              -6.916381255104421
            ],
            [
              107.5831955113174,
              -6.9159563274278995
            ],
            [
              107.58184385224156,
              -6.917247053435843
            ],
            [
              107.58225294982287,
              -6.9189626840679965
            ],
            [
              107.58401368122917,
              -6.9193875839140055
            ],
            [
              107.58536531884587,
              -6.91809688095772
            ]
          ]
        ]
      },
      "properties": {
        "h3_cell": "898c147982bffff",
        "centroid_lat": -6.91767,
        "centroid_lon": 107.5836,
        "dist_to_transit_km": 1.055,
        "nearest_transit_hub": "Stasiun Ciroyom",
        "transit_accessibility_score": 43.0,
        "prop_count": 5,
        "ruko_count": 5,
        "sewa_count": 0,
        "struk_count": 0,
        "act_count": 0,
        "potential_score": 27.229999542236328,
        "risk_index": 10.55,
        "recommendation": "Kawasan Transit Residensial: Kos Pekerja / Hunian Komuter",
        "top_positive_driver": "+13.55 via built_environment_index",
        "top_negative_driver": "-0.41 via human_activity_index"
      }
    },
    {
      "type": "Feature",
      "geometry": {
        "type": "Polygon",
        "coordinates": [
          [
            [
              107.62534645133009,
              -6.863059511494791
            ],
            [
              107.62493764571894,
              -6.861343079299203
            ],
            [
              107.62317716185136,
              -6.860917759710222
            ],
            [
              107.62182548734341,
              -6.862208900210518
            ],
            [
              107.62223431823375,
              -6.863925337277426
            ],
            [
              107.62399479835325,
              -6.864350628973379
            ],
            [
              107.62534645133009,
              -6.863059511494791
            ]
          ]
        ]
      },
      "properties": {
        "h3_cell": "898c16b686bffff",
        "centroid_lat": -6.86263,
        "centroid_lon": 107.62359,
        "dist_to_transit_km": 3.327,
        "nearest_transit_hub": "Terminal Ledeng",
        "transit_accessibility_score": 6.98,
        "prop_count": 4,
        "ruko_count": 1,
        "sewa_count": 2,
        "struk_count": 0,
        "act_count": 0,
        "potential_score": 4.460000038146973,
        "risk_index": 33.27,
        "recommendation": "Zona Penyangga Sekunder: Perdagangan Lokal / Jasa",
        "top_positive_driver": "+0.02 via commercial_pot_ratio",
        "top_negative_driver": "-5.59 via built_environment_index"
      }
    },
    {
      "type": "Feature",
      "geometry": {
        "type": "Polygon",
        "coordinates": [
          [
            [
              107.61874679658534,
              -6.884110359750235
            ],
            [
              107.61833796267842,
              -6.882394296908267
            ],
            [
              107.6165775050683,
              -6.881969172530857
            ],
            [
              107.61522588512058,
              -6.883260138875899
            ],
            [
              107.61563474430014,
              -6.884976206565405
            ],
            [
              107.6173951981552,
              -6.88540130306298
            ],
            [
              107.61874679658534,
              -6.884110359750235
            ]
          ]
        ]
      },
      "properties": {
        "h3_cell": "898c16b6d6bffff",
        "centroid_lat": -6.88369,
        "centroid_lon": 107.61699,
        "dist_to_transit_km": 3.596,
        "nearest_transit_hub": "Stasiun Bandung (Hall)",
        "transit_accessibility_score": 5.63,
        "prop_count": 0,
        "ruko_count": 0,
        "sewa_count": 0,
        "struk_count": 1,
        "act_count": 0,
        "potential_score": 15.539999961853027,
        "risk_index": 35.96,
        "recommendation": "Zona Penyangga Sekunder: Perdagangan Lokal / Jasa",
        "top_positive_driver": "+3.61 via commercial_activity_synergy",
        "top_negative_driver": "-3.79 via built_environment_index"
      }
    },
    {
      "type": "Feature",
      "geometry": {
        "type": "Polygon",
        "coordinates": [
          [
            [
              107.61591855064472,
              -6.893130986669163
            ],
            [
              107.61550970461639,
              -6.891415082227478
            ],
            [
              107.61374925827442,
              -6.890990041483875
            ],
            [
              107.6123976617193,
              -6.8922809330567745
            ],
            [
              107.61280653301748,
              -6.893996842335824
            ],
            [
              107.61456697560138,
              -6.89442185520526
            ],
            [
              107.61591855064472,
              -6.893130986669163
            ]
          ]
        ]
      },
      "properties": {
        "h3_cell": "898c16b6d3bffff",
        "centroid_lat": -6.89271,
        "centroid_lon": 107.61416,
        "dist_to_transit_km": 2.565,
        "nearest_transit_hub": "Stasiun Bandung (Hall)",
        "transit_accessibility_score": 12.85,
        "prop_count": 1,
        "ruko_count": 0,
        "sewa_count": 1,
        "struk_count": 0,
        "act_count": 0,
        "potential_score": 5.210000038146973,
        "risk_index": 25.65,
        "recommendation": "Zona Penyangga Sekunder: Perdagangan Lokal / Jasa",
        "top_positive_driver": "+0.02 via spatial_lag_ruko_k2",
        "top_negative_driver": "-5.03 via built_environment_index"
      }
    },
    {
      "type": "Feature",
      "geometry": {
        "type": "Polygon",
        "coordinates": [
          [
            [
              107.5682030724843,
              -6.936590695322025
            ],
            [
              107.56779387903049,
              -6.934875314937951
            ],
            [
              107.56603300738695,
              -6.934450499193121
            ],
            [
              107.56468133300883,
              -6.935741091637929
            ],
            [
              107.56509055170272,
              -6.937456476764864
            ],
            [
              107.56685141953508,
              -6.937881264704794
            ],
            [
              107.5682030724843,
              -6.936590695322025
            ]
          ]
        ]
      },
      "properties": {
        "h3_cell": "898c14799b3ffff",
        "centroid_lat": -6.93617,
        "centroid_lon": 107.56644,
        "dist_to_transit_km": 3.265,
        "nearest_transit_hub": "Terminal Leuwipanjang",
        "transit_accessibility_score": 7.34,
        "prop_count": 2,
        "ruko_count": 0,
        "sewa_count": 0,
        "struk_count": 0,
        "act_count": 0,
        "potential_score": 5.489999771118164,
        "risk_index": 32.65,
        "recommendation": "Zona Penyangga Sekunder: Perdagangan Lokal / Jasa",
        "top_positive_driver": "+0.02 via spatial_lag_prop_k2",
        "top_negative_driver": "-4.66 via built_environment_index"
      }
    },
    {
      "type": "Feature",
      "geometry": {
        "type": "Polygon",
        "coordinates": [
          [
            [
              107.58131040018081,
              -6.921968962766157
            ],
            [
              107.58090129857031,
              -6.920253385020988
            ],
            [
              107.57914052828203,
              -6.919828478393547
            ],
            [
              107.57778886340134,
              -6.92111917733652
            ],
            [
              107.57819799026055,
              -6.922834759852397
            ],
            [
              107.57995875675219,
              -6.923259638655254
            ],
            [
              107.58131040018081,
              -6.921968962766157
            ]
          ]
        ]
      },
      "properties": {
        "h3_cell": "898c1479827ffff",
        "centroid_lat": -6.92154,
        "centroid_lon": 107.57955,
        "dist_to_transit_km": 1.646,
        "nearest_transit_hub": "Stasiun Ciroyom",
        "transit_accessibility_score": 26.8,
        "prop_count": 2,
        "ruko_count": 2,
        "sewa_count": 1,
        "struk_count": 0,
        "act_count": 0,
        "potential_score": 13.350000381469727,
        "risk_index": 16.46,
        "recommendation": "Koridor Komersial: Coworking Space / Kantor Cabang / Bank",
        "top_positive_driver": "+1.38 via built_environment_index",
        "top_negative_driver": "-0.65 via human_activity_index"
      }
    }
  ]
}